모델명,제조사,유종,배기량,변속형식,A,등급,B,자동차유형
토요타 Prius 2WD,토요타,휘발유,1798,무단변속,22.4,1등급,68,일반형
아이오닉 1.6GDI 하이브리드 6DCT_15''타이어,현대,휘발유,1580,자동6,22.4,1등급,69,일반형
아반떼 1.6GDI 하이브리드 (16“타이어),현대,휘발유,1580,자동6,21.1,1등급,74,일반형
토요타 Prius AWD,토요타,휘발유,1798,무단변속,20.9,1등급,74,일반형
아이오닉 1.6GDI 하이브리드 6DCT_17''타이어,현대,휘발유,1580,자동6,20.2,1등급,78,일반형
K5(DL3) 2.0GDI 하이브리드_16인치타이어,기아,휘발유,1999,자동6,20.1,1등급,79,일반형
쏘나타(DN8) 2.0GDI 하이브리드_16인치타이어,현대,휘발유,1999,자동6,20.1,1등급,79,일반형
쏘나타(DN8) 2.0GDI 하이브리드_16인치(빌트인캠),현대,휘발유,1999,자동6,19.8,1등급,80,일반형
K5(DL3) 2.0GDI 하이브리드_16인치(빌트인캠),기아,휘발유,1999,자동6,19.7,1등급,81,일반형
아반떼 1.6GDI 하이브리드 (17“타이어),현대,휘발유,1580,자동6,19.5,1등급,81,일반형
니로 1.6GDI 하이브리드_16''타이어 (15),기아,휘발유,1580,자동6,19.5,1등급,79,기타형
"코나 1.6GDI 하이브리드 (16"" 타이어)",현대,휘발유,1580,자동6,19.3,1등급,82,다목적형
K5(DL3) 2.0GDI 하이브리드_17인치타이어,기아,휘발유,1999,자동6,19.1,1등급,83,일반형
쏘나타(DN8) 2.0GDI 하이브리드_17인치타이어,현대,휘발유,1999,자동6,19.1,1등급,83,일반형
ACCORD HYBRID,혼다,휘발유,1993,무단변속,18.9,1등급,82,일반형
ACCORD HYBRID,혼다,휘발유,1993,무단변속,18.9,1등급,82,일반형
K5(DL3) 2.0GDI 하이브리드_17인치(빌트인캠),기아,휘발유,1999,자동6,18.8,1등급,85,일반형
쏘나타(DN8) 2.0GDI 하이브리드_17인치(빌트인캠),현대,휘발유,1999,자동6,18.8,1등급,85,일반형
토요타 Prius C,토요타,휘발유,1497,무단변속,18.6,1등급,84,일반형
K5(DL3) 2.0GDI 하이브리드_18인치타이어,기아,휘발유,1999,자동6,18,1등급,88,일반형
쏘나타(DN8) 2.0GDI 하이브리드_18인치타이어,현대,휘발유,1999,자동6,18,1등급,88,일반형
K5 2.0GDI 하이브리드 개조차_16인치타이어,기아,휘발유,1999,자동6,18,1등급,89,일반형
K5(DL3) 2.0GDI 하이브리드_18인치(빌트인캠),기아,휘발유,1999,자동6,17.6,1등급,91,일반형
쏘나타(DN8) 2.0GDI 하이브리드_18인치(빌트인캠),현대,휘발유,1999,자동6,17.6,1등급,91,일반형
토요타 Camry Hybrid LE,토요타,휘발유,2487,무단변속,17.5,1등급,92,일반형
"코나 1.6GDI 하이브리드 (18"" 타이어)",현대,휘발유,1580,자동6,17.4,1등급,92,다목적형
렉서스 ES300h,토요타,휘발유,2487,무단변속,17.2,1등급,91,일반형
K5 2.0GDI 하이브리드 개조차_17인치타이어,기아,휘발유,1999,자동6,17.2,1등급,94,일반형
말리부 1.8 HYBRID,한국지엠,휘발유,1796,무단변속,17.1,1등급,95,일반형
니로 1.6GDI 하이브리드_18''타이어 (15),기아,휘발유,1580,자동6,17.1,1등급,92,기타형
렉서스 ES300h,토요타,휘발유,2487,무단변속,17,1등급,93,일반형
렉서스 CT200h,토요타,휘발유,1798,무단변속,17,1등급,93,일반형
렉서스 UX250h 2WD,토요타,휘발유,1987,무단변속,16.7,1등급,95,다목적형
토요타 Camry Hybrid,토요타,휘발유,2487,무단변속,16.7,1등급,95,일반형
토요타 Avalon Hybrid,토요타,휘발유,2487,무단변속,16.6,1등급,96,일반형
Lincoln MKZ Hybrid,포드,휘발유,1999,무단변속,16.3,1등급,97,일반형
투싼 1.6T-GDI 하이브리드 6AT,현대,휘발유,1598,자동6,16.2,1등급,99,다목적형
"K7 2.4하이브리드 (PE/17""타이어)",기아,휘발유,2359,자동6,16.2,1등급,97,일반형
그랜저 2.4 하이브리드 (15),현대,휘발유,2359,자동6,16.2,1등급,97,일반형
"K7 2.4하이브리드 (17""타이어) (15)",기아,휘발유,2359,자동6,16.2,1등급,97,일반형
모닝(JA) 1.0가솔린_밴형 (15),기아,휘발유,998,수동5,16,경형,101,일반형
모닝(JA) 1.0가솔린 (15),기아,휘발유,998,수동5,16,경형,101,일반형
"그랜저(IG개조)2.4 하이브리드_17""타이어(빌트인캠)",현대,휘발유,2359,자동6,15.9,2등급,103,일반형
렉서스 UX250h AWD,토요타,휘발유,1987,무단변속,15.9,2등급,100,다목적형
토요타 RAV4 Hybrid 2WD,토요타,휘발유,2487,무단변속,15.9,2등급,101,다목적형
투싼 1.6T-GDI 하이브리드 6AT (빌트인캠),현대,휘발유,1598,자동6,15.8,2등급,102,다목적형
Lincoln MKZ Hybrid,포드,휘발유,1999,무단변속,15.8,2등급,103,일반형
토요타 RAV4 Hybrid 2WD,토요타,휘발유,2487,무단변속,15.7,2등급,101,다목적형
모닝(JA PE)_1.0가솔린_14인치타이어_밴형,기아,휘발유,998,자동4,15.7,경형,104,일반형
모닝(JA PE)_1.0가솔린_14인치타이어,기아,휘발유,998,자동4,15.7,경형,104,일반형
토요타 RAV4 Hybrid AWD,토요타,휘발유,2487,무단변속,15.7,2등급,101,다목적형
토요타 RAV4 Hybrid AWD,토요타,휘발유,2487,무단변속,15.5,2등급,102,다목적형
아반떼 1.6 가솔린 15인치 타이어,현대,휘발유,1598,무단변속,15.4,2등급,106,일반형
모닝(JA) 1.0가솔린_밴형 (15),기아,휘발유,998,자동4,15.4,경형,106,일반형
모닝(JA) 1.0가솔린 (15),기아,휘발유,998,자동4,15.4,경형,106,일반형
쏘렌토 1.6T-GDI 하이브리드 2WD 5인 17인치타이어,기아,휘발유,1598,자동6,15.3,2등급,106,다목적형
쏘렌토 1.6T-GDI 하이브리드 2WD 6인 17인치타이어,기아,휘발유,1598,자동6,15.3,2등급,106,다목적형
쏘렌토 1.6T-GDI 하이브리드 2WD 7인 17인치타이어,기아,휘발유,1598,자동6,15.3,2등급,106,다목적형
모닝(JA) 1.0가솔린_밴형 (16인치 타이어) (15),기아,휘발유,998,수동5,15.3,경형,106,일반형
모닝(JA) 1.0가솔린 (16인치 타이어) (15),기아,휘발유,998,수동5,15.3,경형,106,일반형
K3 1.6 가솔린 21MY CVT (15인치 타이어),기아,휘발유,1598,무단변속,15.2,2등급,108,일반형
"그랜저(IG개조)2.4 하이브리드_18""타이어",현대,휘발유,2359,자동6,15.2,2등급,108,일반형
K7 2.4하이브리드 (PE/18“ 타이어),기아,휘발유,2359,자동6,15.2,2등급,108,일반형
아반떼(AD PE) 1.6가솔린 (15'''타이어),현대,휘발유,1598,무단변속,15.2,2등급,108,일반형
K3 1.6 가솔린 CVT (15인치 타이어),기아,휘발유,1598,무단변속,15.2,2등급,108,일반형
"쏘렌토 1.6T-GDI 하이브리드 2WD 5인 17""(빌트인캠)",기아,휘발유,1598,자동6,15,2등급,108,다목적형
"쏘렌토 1.6T-GDI 하이브리드 2WD 6인 17""(빌트인캠)",기아,휘발유,1598,자동6,15,2등급,108,다목적형
"쏘렌토 1.6T-GDI 하이브리드 2WD 7인 17""(빌트인캠)",기아,휘발유,1598,자동6,15,2등급,108,다목적형
스파크 밴 1.0,한국지엠,휘발유,999,수동5,15,경형,109,밴형화물
스파크 밴 1.0,한국지엠,휘발유,999,무단변속,15,경형,109,밴형화물
스파크 1.0,한국지엠,휘발유,999,수동5,15,경형,109,일반형
스파크 1.0,한국지엠,휘발유,999,무단변속,15,경형,109,일반형
아반떼 1.6 가솔린 16인치 타이어,현대,휘발유,1598,무단변속,14.9,2등급,110,일반형
"그랜저(IG개조)2.4 하이브리드_18""타이어(빌트인캠)",현대,휘발유,2359,자동6,14.9,2등급,110,일반형
모닝(JA PE)_1.0가솔린_16인치타이어,기아,휘발유,998,자동4,14.7,경형,112,일반형
모닝(JA) 1.0가솔린_밴형 (16인치 타이어) (15),기아,휘발유,998,자동4,14.7,경형,111,일반형
모닝(JA) 1.0가솔린 (16인치 타이어) (15),기아,휘발유,998,자동4,14.7,경형,111,일반형
아반떼 1.6 가솔린 17인치 타이어,현대,휘발유,1598,무단변속,14.5,2등급,114,일반형
CR-V HYBRID 4WD,혼다,휘발유,1993,무단변속,14.5,2등급,112,다목적형
CR-V HYBRID 4WD,혼다,휘발유,1993,무단변속,14.5,2등급,112,다목적형
아반떼 1.6 가솔린 15인치 타이어(MT),현대,휘발유,1598,수동6,14.4,2등급,115,일반형
스파크 밴 1.0,한국지엠,휘발유,999,무단변속,14.4,경형,116,밴형화물
스파크 1.0,한국지엠,휘발유,999,무단변속,14.4,경형,116,일반형
아반떼(AD PE) 1.6가솔린 (16'''타이어),현대,휘발유,1598,무단변속,14.4,2등급,115,일반형
K3 1.6 가솔린 CVT (16인치 타이어),기아,휘발유,1598,무단변속,14.4,2등급,114,일반형
쏘렌토 1.6T-GDI 하이브리드 2WD 5인 19인치타이어,기아,휘발유,1598,자동6,14.3,2등급,115,다목적형
쏘렌토 1.6T-GDI 하이브리드 2WD 6인 19인치타이어,기아,휘발유,1598,자동6,14.3,2등급,115,다목적형
쏘렌토 1.6T-GDI 하이브리드 2WD 7인 19인치타이어,기아,휘발유,1598,자동6,14.3,2등급,115,다목적형
말리부 1.35 TURBO,한국지엠,휘발유,1341,무단변속,14.2,2등급,118,일반형
K3 1.6 가솔린 21MY CVT (17인치 타이어),기아,휘발유,1598,무단변속,14.1,2등급,117,일반형
아반떼(AD PE) 1.6가솔린 (17'''타이어),현대,휘발유,1598,무단변속,14.1,2등급,118,일반형
K3 1.6 가솔린 CVT (17인치 타이어),기아,휘발유,1598,무단변속,14.1,2등급,117,일반형
엑센트 카파 1.4가솔린 (4DR) (15),현대,휘발유,1368,수동6,14.1,2등급,115,일반형
아반떼(AD PE) 1.6가솔린,현대,휘발유,1598,수동6,14,2등급,119,일반형
코나(PE) 1.6T-GDI 2WD 16인치/17인치타이어,현대,휘발유,1598,자동7,13.9,2등급,119,다목적형
ACCORD 1.5T,혼다,휘발유,1498,무단변속,13.9,2등급,118,일반형
ACCORD 1.5T,혼다,휘발유,1498,무단변속,13.9,2등급,118,일반형
쏘나타(DN8) 1.6 T-GDI_17인치타이어_21MY,현대,휘발유,1598,자동8,13.8,2등급,120,일반형
K5(DL3) 1.6T-GDI_17인치타이어,기아,휘발유,1598,자동8,13.8,2등급,121,일반형
CIVIC TURBO,혼다,휘발유,1498,무단변속,13.8,2등급,121,일반형
쏘렌토 1.6T-GDI 하이브리드 4WD 5인 17인치타이어,기아,휘발유,1598,자동6,13.7,3등급,120,다목적형
쏘렌토 1.6T-GDI 하이브리드 4WD 6인 17인치타이어,기아,휘발유,1598,자동6,13.7,3등급,120,다목적형
쏘렌토 1.6T-GDI 하이브리드 4WD 7인 17인치타이어,기아,휘발유,1598,자동6,13.7,3등급,120,다목적형
"XM3 1.3 (17"" tire)",르노삼성,휘발유,1332,자동7,13.7,3등급,120,기타형
쏘나타(DN8) 1.6 T-GDI_17인치타이어,현대,휘발유,1598,자동8,13.7,3등급,122,일반형
베뉴 1.6 가솔린 CVT (15“타이어),현대,휘발유,1598,무단변속,13.7,3등급,121,기타형
"스토닉 1.0 T-GDI 7DCT (15""타이어)",기아,휘발유,998,자동7,13.7,3등급,121,기타형
코나(OS PE) 2.0 가솔린 2WD_16인치타이어,현대,휘발유,1999,무단변속,13.6,3등급,122,다목적형
K5(DL3) 1.6T-GDI_17인치타이어_21MY,기아,휘발유,1598,자동8,13.6,3등급,122,일반형
"SM6 1.3 (16"" Tire)",르노삼성,휘발유,1332,자동7,13.6,3등급,121,일반형
쏘나타(DN8) 1.6 T-GDI_17인치타이어(빌트인캠)_21MY,현대,휘발유,1598,자동8,13.6,3등급,122,일반형
K5(DL3) 1.6T-GDI_17인치(빌트인캠),기아,휘발유,1598,자동8,13.6,3등급,123,일반형
베뉴 1.6 가솔린 MT (15“타이어),현대,휘발유,1598,수동6,13.6,3등급,122,기타형
CIVIC 4D,혼다,휘발유,1996,무단변속,13.6,3등급,122,일반형
K5(DL3) 1.6T-GDI_17인치(빌트인캠)_21MY,기아,휘발유,1598,자동8,13.5,3등급,123,일반형
"CAPTUR 1.3 (17"" tire)",르노삼성,휘발유,1332,자동7,13.5,3등급,120,기타형
"스토닉 1.0 T-GDI 7DCT (17""타이어)",기아,휘발유,998,자동7,13.5,3등급,123,기타형
Jetta 1.4 TSI,폭스바겐,휘발유,1395,자동8,13.4,3등급,126,일반형
"XM3 1.6 (16"" tire)",르노삼성,휘발유,1598,무단변속,13.4,3등급,123,기타형
엑센트 카파 1.4가솔린 CVT (4DR) (15),현대,휘발유,1368,무단변속,13.4,3등급,122,일반형
"SM6 1.3 (18"" Tire)",르노삼성,휘발유,1332,자동7,13.3,3등급,123,일반형
베뉴 1.6 가솔린 CVT (17“타이어),현대,휘발유,1598,무단변속,13.3,3등급,125,기타형
베뉴 1.6 가솔린 MT (17“타이어),현대,휘발유,1598,수동6,13.3,3등급,125,기타형
쏘나타(DN8) 2.0CVVL_17인치타이어,현대,휘발유,1999,자동6,13.3,3등급,126,일반형
말리부 1.35 TURBO,한국지엠,휘발유,1341,무단변속,13.3,3등급,126,일반형
코나(OS PE) 2.0 가솔린 2WD_17인치타이어,현대,휘발유,1999,무단변속,13.2,3등급,128,다목적형
쏘나타(DN8) 1.6 T-GDI_18인치타이어_21MY,현대,휘발유,1598,자동8,13.2,3등급,126,일반형
쏘렌토 1.6T-GDI 하이브리드 4WD 5인 19인치타이어,기아,휘발유,1598,자동6,13.2,3등급,124,다목적형
쏘렌토 1.6T-GDI 하이브리드 4WD 6인 19인치타이어,기아,휘발유,1598,자동6,13.2,3등급,124,다목적형
쏘렌토 1.6T-GDI 하이브리드 4WD 7인 19인치타이어,기아,휘발유,1598,자동6,13.2,3등급,124,다목적형
"XM3 1.3 (18"" tire)",르노삼성,휘발유,1332,자동7,13.2,3등급,125,기타형
트레일블레이저 1.35 TURBO FWD,한국지엠,휘발유,1341,무단변속,13.2,3등급,127,다목적형
K5(DL3) 1.6T-GDI_18인치타이어,기아,휘발유,1598,자동8,13.2,3등급,127,일반형
쏘나타(DN8) 1.6 T-GDI_18인치타이어,현대,휘발유,1598,자동8,13.2,3등급,127,일반형
쏘나타(DN8) 2.0CVVL_16인치타이어,현대,휘발유,1999,자동6,13.1,3등급,128,일반형
벨로스터 1.4T-GDI 7DCT,현대,휘발유,1353,자동7,13.1,3등급,127,일반형
엑센트 카파 1.4가솔린 CVT (5DR) (15),현대,휘발유,1368,무단변속,13.1,3등급,125,일반형
트레일블레이저 1.2 TURBO FWD,한국지엠,휘발유,1199,무단변속,13,3등급,130,다목적형
"CAPTUR 1.3 (18"" tire)",르노삼성,휘발유,1332,자동7,13,3등급,125,기타형
K5(DL3) 2.0CVVL_17인치타이어,기아,휘발유,1999,자동6,13,3등급,129,일반형
레이(20MY) 1.0 가솔린 밴형 14인치 타이어,기아,휘발유,998,자동4,13,경형,127,일반형
레이(20MY) 1.0 가솔린 14인치 타이어,기아,휘발유,998,자동4,13,경형,127,일반형
쏘나타(DN8) 2.0CVVL_18인치타이어,현대,휘발유,1999,자동6,13,3등급,129,일반형
K5(JF) 1.6T-GDI 개조차_16인치 타이어 (15),기아,휘발유,1591,자동7,13,3등급,127,일반형
"레이 1.0가솔린 밴형 (PE, 14인치 타이어)",기아,휘발유,998,자동4,13,경형,127,일반형
"레이 1.0가솔린 (PE, 14인치 타이어)",기아,휘발유,998,자동4,13,경형,127,일반형
트레일블레이저 1.35 TURBO FWD,한국지엠,휘발유,1341,무단변속,12.9,3등급,129,다목적형
"SM6 1.3 (19"" Tire)",르노삼성,휘발유,1332,자동7,12.9,3등급,128,일반형
쏘나타(DN8) 2.0CVVL_17인치타이어_21MY,현대,휘발유,1999,자동6,12.9,3등급,129,일반형
트레일블레이저 1.35 TURBO FWD,한국지엠,휘발유,1341,무단변속,12.9,3등급,131,다목적형
K5(DL3) 1.6T-GDI_19인치타이어,기아,휘발유,1598,자동8,12.9,3등급,130,일반형
Altima 2.5,닛산,휘발유,2488,무단변속,12.9,3등급,131,일반형
코나(OS PE) 2.0 가솔린 2WD_18인치타이어,현대,휘발유,1999,무단변속,12.8,3등급,131,다목적형
K5(DL3) 2.0CVVL_17인치(빌트인캠),기아,휘발유,1999,자동6,12.8,3등급,130,일반형
아반떼 1.6 T-GDI 7DCT 18인치 타이어,현대,휘발유,1598,자동7,12.8,3등급,130,일반형
쏘나타(DN8) 2.0CVVL_18인치타이어_21MY,현대,휘발유,1999,자동6,12.8,3등급,130,일반형
쏘나타(DN8) 2.0CVVL_17인치타이어(빌트인캠)_21MY,현대,휘발유,1999,자동6,12.8,3등급,130,일반형
쏘나타(DN8) 1.6 T-GDI_19인치타이어,현대,휘발유,1598,자동8,12.8,3등급,131,일반형
Altima 2.5,닛산,휘발유,2488,무단변속,12.8,3등급,132,일반형
K5 1.6T-GDI 개조차_17인치 타이어 (15),기아,휘발유,1591,자동7,12.8,3등급,130,일반형
"스토닉 1.4 가솔린 6AT (15""타이어) (15)",기아,휘발유,1368,자동6,12.8,3등급,130,기타형
"코나 1.6T-GDI 2WD (16""타이어) (15)",현대,휘발유,1591,자동7,12.8,3등급,128,다목적형
렉서스 RX450h,토요타,휘발유,3456,무단변속,12.8,3등급,129,다목적형
코나(PE) 1.6T-GDI 2WD 18인치타이어,현대,휘발유,1598,자동7,12.7,3등급,131,다목적형
Mercedes-Benz A 220 Sedan,벤츠,휘발유,1991,자동7,12.7,3등급,135,일반형
K5(DL3) 2.0CVVL_18인치타이어,기아,휘발유,1999,자동6,12.7,3등급,132,일반형
레이(20MY) 1.0 가솔린 15인치 타이어,기아,휘발유,998,자동4,12.7,경형,131,일반형
"셀토스 1.6T-GDI 2WD (16"" 타이어)",기아,휘발유,1591,자동7,12.7,3등급,132,다목적형
"레이 1.0가솔린 (PE, 15인치 타이어)",기아,휘발유,998,자동4,12.7,경형,130,일반형
트레일블레이저 1.35 TURBO FWD,한국지엠,휘발유,1341,무단변속,12.6,3등급,133,다목적형
K5(DL3) 1.6T-GDI_19인치(빌트인캠),기아,휘발유,1598,자동8,12.6,3등급,132,일반형
쏘나타(DN8) 2.0CVVL_18인치타이어(빌트인캠)_21MY,현대,휘발유,1999,자동6,12.6,3등급,133,일반형
트레일블레이저 1.2 TURBO FWD,한국지엠,휘발유,1199,무단변속,12.6,3등급,135,다목적형
쏘나타(DN8) 1.6 T-GDI_19인치(빌트인캠),현대,휘발유,1598,자동8,12.6,3등급,134,일반형
CR-V 2WD,혼다,휘발유,1498,무단변속,12.6,3등급,132,다목적형
"스토닉 1.4 가솔린 6AT 19MY (17""타이어) (15)",기아,휘발유,1368,자동6,12.6,3등급,132,기타형
"스토닉 1.4 가솔린 6AT (17""타이어) (15)",기아,휘발유,1368,자동6,12.6,3등급,132,기타형
벨로스터 1.6T-GDI 6MT (ALL SEASON TIRE),현대,휘발유,1591,수동6,12.6,3등급,132,일반형
벨로스터 1.6T-GDI 7DCT (ALL SEASON TIRE),현대,휘발유,1591,자동7,12.6,3등급,132,일반형
"코나 1.6T-GDI 2WD (17""타이어) (15)",현대,휘발유,1591,자동7,12.6,3등급,131,다목적형
MINI Cooper S,MINI,휘발유,1998,자동6,12.6,3등급,134,일반형
K5(DL3) 2.0CVVL_18인치(빌트인캠),기아,휘발유,1999,자동6,12.5,3등급,133,일반형
투싼 1.6T-GDI 2WD 7DCT 17/18인치,현대,휘발유,1598,자동7,12.5,3등급,133,다목적형
티볼리 가솔린 1.5 MT 2WD 기준4,쌍용,휘발유,1497,수동6,12.5,3등급,131,기타형
A4 40 TFSI,아우디,휘발유,1984,자동7,12.5,3등급,136,일반형
MINI Cooper,MINI,휘발유,1499,자동6,12.5,3등급,135,일반형
MINI Cooper five-door,MINI,휘발유,1499,자동6,12.5,3등급,135,일반형
BMW 520i,BMW,휘발유,1998,자동8,12.4,3등급,135,일반형
"쏘울 1.6T-GDI (17"" 타이어)",기아,휘발유,1591,자동7,12.4,3등급,134,일반형
CR-V 2WD,혼다,휘발유,1498,무단변속,12.4,3등급,133,다목적형
벨로스터 1.6T-GDI 7DCT (SUMMMER TIRE),현대,휘발유,1591,자동7,12.4,3등급,134,일반형
벨로스터 1.6T-GDI 6MT (SUMMER TIRE),현대,휘발유,1591,수동6,12.4,3등급,134,일반형
MINI Cooper S five-door,MINI,휘발유,1998,자동6,12.4,3등급,138,일반형
MINI Cooper Convertible,MINI,휘발유,1499,자동6,12.4,3등급,136,일반형
투싼 1.6T-GDI 2WD 7DCT 18인치 (빌트인캠),현대,휘발유,1598,자동7,12.3,3등급,136,다목적형
아반떼 1.6 T-GDI 6MT 18인치 타이어,현대,휘발유,1598,수동6,12.3,3등급,136,일반형
렉서스 RX450hL,토요타,휘발유,3456,무단변속,12.3,3등급,134,다목적형
렉서스 RX450hL,토요타,휘발유,3456,무단변속,12.3,3등급,134,다목적형
Mercedes-Benz A 220 Hatchback,벤츠,휘발유,1991,자동7,12.3,3등급,139,일반형
MINI Cooper,MINI,휘발유,1499,자동7,12.3,3등급,136,일반형
A220 Hatchback,벤츠,휘발유,1991,자동7,12.3,3등급,140,일반형
A4 40 TFSI,아우디,휘발유,1984,자동7,12.3,3등급,139,일반형
K5 2.0CVVL 개조차_16인치 타이어 (15),기아,휘발유,1999,자동6,12.3,3등급,136,일반형
K5 1.6T-GDI 개조차_18인치 타이어 (15),기아,휘발유,1591,자동7,12.3,3등급,134,일반형
토요타 Camry,토요타,휘발유,2487,자동8,12.3,3등급,134,일반형
MINI Cooper five-door,MINI,휘발유,1499,자동6,12.3,3등급,137,일반형
"코나 1.6T-GDI 2WD (18""타이어) (15)",현대,휘발유,1591,자동7,12.3,3등급,134,다목적형
트랙스 1.4,한국지엠,휘발유,1362,수동6,12.3,3등급,136,일반형
코나(PE) 1.6T-GDI 4WD 16인치타이어,현대,휘발유,1598,자동7,12.2,3등급,137,다목적형
A4 40 TFSI,아우디,휘발유,1984,자동7,12.2,3등급,140,일반형
"셀토스 1.6T-GDI 2WD (17"" 타이어)",기아,휘발유,1591,자동7,12.2,3등급,137,다목적형
Altima 2.0,닛산,휘발유,1997,무단변속,12.2,3등급,139,일반형
"쏘울 1.6T-GDI (18"" 타이어)",기아,휘발유,1591,자동7,12.2,3등급,137,일반형
K3 1.6 T-GDI 4DR 6MT (ALL SEASON TIRE),기아,휘발유,1591,수동6,12.2,3등급,138,일반형
K3 1.6 T-GDI 4DR 7DCT (ALL SEASON TIRE),기아,휘발유,1591,자동7,12.2,3등급,138,일반형
"SM6 2.0(17"" Tire)",르노삼성,휘발유,1997,자동7,12.2,3등급,139,일반형
MINI Cooper five-door,MINI,휘발유,1499,자동7,12.1,3등급,140,일반형
티볼리 가솔린 1.5 MT 2WD 기준4,쌍용,휘발유,1497,수동6,12.1,3등급,136,기타형
K3 1.6 T-GDI 4DR 7DCT (SUMMER TIRE),기아,휘발유,1591,자동7,12.1,3등급,139,일반형
K3 1.6 T-GDI 5DR 7DCT (ALL SEASON TIRE),기아,휘발유,1591,자동7,12.1,3등급,139,일반형
K5 2.0CVVL 개조차_17인치 타이어 (15),기아,휘발유,1999,자동6,12.1,3등급,137,일반형
Passat 2.0 TSI,폭스바겐,휘발유,1984,자동6,12.1,3등급,142,일반형
MINI Cooper S Convertible,MINI,휘발유,1998,자동6,12.1,3등급,141,일반형
투싼 1.6T-GDI 2WD 7DCT 19인치,현대,휘발유,1598,자동7,12,3등급,139,다목적형
BMW 530i,BMW,휘발유,1998,자동8,12,3등급,139,일반형
투싼 1.6T-GDI 2WD 7DCT 19인치 (빌트인캠),현대,휘발유,1598,자동7,12,3등급,139,다목적형
티볼리 가솔린 1.5 AT 2WD 저공해3종 16인치 타이어,쌍용,휘발유,1497,자동6,12,3등급,138,기타형
아반떼 1.6T-GDI_7DCT (19MY),현대,휘발유,1591,자동7,12,3등급,138,일반형
"QM6 New 2.0 (17"" Tire)",르노삼성,휘발유,1997,무단변속,12,3등급,140,다목적형
렉서스 NX300h,토요타,휘발유,2494,무단변속,12,3등급,140,다목적형
"SM6 2.0(18"" Tire)",르노삼성,휘발유,1997,자동7,12,3등급,141,일반형
그랜저(IG개조) 2.5 GDI_17인치타이어,현대,휘발유,2497,자동8,11.9,3등급,142,일반형
K7 2.5 GDI (PE/17”타이어),기아,휘발유,2497,자동8,11.9,3등급,142,일반형
K3 1.6 T-GDI 5DR 7DCT (SUMMER TIRE),기아,휘발유,1591,자동7,11.9,3등급,141,일반형
"투싼 개조차 1.6T-GDI 2WD (17""타이어)",현대,휘발유,1591,자동7,11.9,3등급,141,다목적형
MINI Cooper Convertible,BMW,휘발유,1499,자동6,11.9,3등급,144,다목적형
코나(OS PE) 2.0 가솔린 4WD_16/17인치타이어,현대,휘발유,1999,무단변속,11.8,3등급,142,다목적형
트레일블레이저 1.35 TURBO AWD,한국지엠,휘발유,1341,자동9,11.8,3등급,143,다목적형
BMW 320i,BMW,휘발유,1998,자동8,11.8,3등급,142,일반형
코나(PE) 1.6T-GDI 4WD 17인치타이어,현대,휘발유,1598,자동7,11.8,3등급,142,다목적형
A4 40 TFSI,아우디,휘발유,1984,자동7,11.8,3등급,144,일반형
"SM6 1.8 (18"" Tire)",르노삼성,휘발유,1798,자동7,11.8,3등급,141,일반형
티볼리 가솔린 1.5 AT 2WD 저공해3종 18인치 타이어,쌍용,휘발유,1497,자동6,11.8,3등급,140,기타형
트레일블레이저 1.35 TURBO AWD,한국지엠,휘발유,1341,자동9,11.8,3등급,144,다목적형
A6 45 TFSI,아우디,휘발유,1984,자동7,11.8,3등급,144,일반형
"셀토스 1.6T-GDI 2WD (18"" 타이어)",기아,휘발유,1591,자동7,11.8,3등급,143,다목적형
i30 1.6T-GDI_7DCT (N_Line),현대,휘발유,1591,자동7,11.8,3등급,143,일반형
벨로스터 1.6T-GDI_7DCT (15),현대,휘발유,1591,자동7,11.8,3등급,140,일반형
트랙스 1.4,한국지엠,휘발유,1362,자동6,11.8,3등급,143,일반형
BMW 320i Touring,BMW,휘발유,1998,자동8,11.7,3등급,143,일반형
MINI Cooper S five-door,MINI,휘발유,1998,자동7,11.7,3등급,146,일반형
A3 40 TFSI,아우디,휘발유,1984,자동7,11.7,3등급,145,일반형
HR-V 2WD,혼다,휘발유,1799,무단변속,11.7,3등급,141,다목적형
MINI Cooper S Clubman,MINI,휘발유,1998,자동8,11.7,3등급,146,일반형
코나(OS PE) 2.0 가솔린 4WD_18인치타이어,현대,휘발유,1999,무단변속,11.6,3등급,145,다목적형
볼보 S60B5,볼보,휘발유,1969,자동8,11.6,3등급,145,일반형
트레일블레이저 1.35 TURBO AWD,한국지엠,휘발유,1341,자동9,11.6,3등급,146,다목적형
코나(PE) 1.6T-GDI 4WD 18인치타이어,현대,휘발유,1598,자동7,11.6,3등급,145,다목적형
MINI Cooper Countryman ,MINI,휘발유,1499,자동7,11.6,3등급,144,일반형
투싼 1.6T-GDI AWD 7DCT 17/18인치,현대,휘발유,1598,자동7,11.6,3등급,145,다목적형
"SM6 1.8 (19"" Tire)",르노삼성,휘발유,1798,자동7,11.6,3등급,144,일반형
Mercedes-Benz A 250 4MATIC,벤츠,휘발유,1991,자동7,11.6,3등급,148,일반형
트레일블레이저 1.35 TURBO AWD,한국지엠,휘발유,1341,자동9,11.6,3등급,147,다목적형
그랜저(IG개조) 2.5 GDI_18인치타이어,현대,휘발유,2497,자동8,11.6,3등급,146,일반형
"투싼 개조차 1.6T-GDI 2WD (20MY_18""타이어)",현대,휘발유,1591,자동7,11.6,3등급,144,다목적형
MINI Cooper Convertible,MINI,휘발유,1499,자동7,11.6,3등급,146,일반형
MINI Cooper S,MINI,휘발유,1998,자동7,11.6,3등급,146,일반형
아반떼 1.6T-GDI (19MY),현대,휘발유,1591,수동6,11.6,3등급,142,일반형
K7 2.5 GDI (PE/18”타이어),기아,휘발유,2497,자동8,11.6,3등급,147,일반형
"QM6 New 2.0 (19"" Tire)",르노삼성,휘발유,1997,무단변속,11.6,3등급,146,다목적형
티볼리 가솔린 1.5 AT 2WD  기준4 (16인치 타이어),쌍용,휘발유,1497,자동6,11.6,3등급,143,기타형
"투싼 개조차 1.6T-GDI 2WD (18""타이어)",현대,휘발유,1591,자동7,11.6,3등급,144,다목적형
K5 2.0CVVL 개조차_18인치 타이어 (15),기아,휘발유,1999,자동6,11.6,3등급,144,일반형
MINI Cooper S Convertible,BMW,휘발유,1998,자동6,11.6,3등급,147,일반형
MINI Cooper Clubman,MINI,휘발유,1499,자동6,11.6,3등급,147,일반형
Mercedes-Benz  A250 4MATIC,벤츠,휘발유,1991,자동7,11.5,4등급,150,일반형
BMW 420i Coupe,BMW,휘발유,1998,자동8,11.5,4등급,145,일반형
Mercedes-Benz GLB 220,벤츠,휘발유,1991,자동8,11.5,4등급,150,일반형
토요타 RAV4,토요타,휘발유,2487,자동8,11.5,4등급,143,다목적형
코란도 가솔린 1.5 AT 2WD 저공해3종 17인치,쌍용,휘발유,1497,자동6,11.5,4등급,144,다목적형
Mercedes-Benz C 200,벤츠,휘발유,1991,자동9,11.5,4등급,150,일반형
CR-V 4WD,혼다,휘발유,1498,무단변속,11.5,4등급,145,다목적형
Mercedes-Benz CLA 250 4MATIC,벤츠,휘발유,1991,자동7,11.5,4등급,150,일반형
CR-V 4WD,혼다,휘발유,1498,무단변속,11.5,4등급,145,다목적형
MINI Cooper S Convertible,MINI,휘발유,1998,자동7,11.5,4등급,148,일반형
MINI Cooper Clubman ,MINI,휘발유,1499,자동7,11.5,4등급,147,일반형
A3 40 TFSI,아우디,휘발유,1984,자동7,11.5,4등급,146,일반형
렉서스 LS500h 2WD,토요타,휘발유,3456,무단변속,11.5,4등급,147,일반형
A6 45 TFSI quattro,아우디,휘발유,1984,자동7,11.4,4등급,150,일반형
티볼리 가솔린 1.5 AT 2WD 기준4 (18인치 타이어),쌍용,휘발유,1497,자동6,11.4,4등급,145,기타형
토요타 RAV4 2WD,토요타,휘발유,2487,자동8,11.4,4등급,145,다목적형
CR-V 4WD,혼다,휘발유,1498,무단변속,11.4,4등급,145,다목적형
CR-V 4WD,혼다,휘발유,1498,무단변속,11.4,4등급,145,다목적형
i30 1.6T-GDI_6MT (N_Line),현대,휘발유,1591,수동6,11.4,4등급,148,일반형
MINI Cooper Countryman,BMW,휘발유,1499,자동6,11.4,4등급,151,다목적형
볼보 S90B5,볼보,휘발유,1969,자동8,11.3,4등급,150,일반형
투싼 1.6T-GDI AWD 7DCT 18인치 (빌트인캠),현대,휘발유,1598,자동7,11.3,4등급,148,다목적형
A5 Sportback 40 TFSI quattro,아우디,휘발유,1984,자동7,11.3,4등급,150,일반형
코란도 가솔린 1.5 AT 2WD 저공해3종 19인치,쌍용,휘발유,1497,자동6,11.3,4등급,147,다목적형
토요타 86 AT,토요타,휘발유,1998,자동6,11.3,4등급,147,일반형
"투싼 개조차 1.6T-GDI 2WD (20MY_19""타이어)",현대,휘발유,1591,자동7,11.3,4등급,148,다목적형
코란도 가솔린 1.5 AT 2WD 저공해3종 17인치,쌍용,휘발유,1497,자동6,11.3,4등급,147,다목적형
"투싼 개조차 1.6T-GDI 2WD (19""타이어)",현대,휘발유,1591,자동7,11.3,4등급,148,다목적형
"코나 1.6T-GDI 4WD (16""타이어) (15)",현대,휘발유,1591,자동7,11.3,4등급,147,다목적형
스팅어(CK PE) 2.5T-GDI 2WD_18인치타이어,기아,휘발유,2497,자동8,11.2,4등급,151,일반형
K7 2.4GDI 18MY (17인치타이어) (15),기아,휘발유,2359,자동6,11.2,4등급,150,일반형
BMW 430i Coupe,BMW,휘발유,1998,자동8,11.2,4등급,154,일반형
BMW 530i,BMW,휘발유,1998,자동8,11.2,4등급,153,일반형
"그랜저 2.4GDI (17""타이어) (15)",현대,휘발유,2359,자동6,11.2,4등급,150,일반형
BMW 430i Coupe,BMW,휘발유,1998,자동8,11.1,4등급,150,일반형
쏘나타(DN8) 2.5 T-GDI_19인치타이어,현대,휘발유,2497,자동8,11.1,4등급,152,일반형
"Mercedes-Benz C 200 Coupe	",벤츠,휘발유,1991,자동9,11.1,4등급,156,일반형
그랜저(IG개조) 2.5 GDI_19인치타이어,현대,휘발유,2497,자동8,11.1,4등급,153,일반형
BMW 520i,BMW,휘발유,1998,자동8,11.1,4등급,152,일반형
코란도 가솔린 1.5 AT 2WD 저공해3종 19인치,쌍용,휘발유,1497,자동6,11.1,4등급,149,다목적형
"셀토스 1.6T-GDI 4WD (17"" 타이어)",기아,휘발유,1591,자동7,11.1,4등급,153,다목적형
"셀토스 1.6T-GDI 4WD (16"" 타이어)",기아,휘발유,1591,자동7,11.1,4등급,152,다목적형
K7 2.5 GDI (PE/19”타이어),기아,휘발유,2497,자동8,11.1,4등급,153,일반형
BMW 330i,BMW,휘발유,1998,자동8,11.1,4등급,153,일반형
MINI John Cooper Works Convertible,MINI,휘발유,1998,자동6,11.1,4등급,154,일반형
K7 2.4GDI 18MY (18인치타이어) (15),기아,휘발유,2359,자동6,11.1,4등급,152,일반형
"코나 1.6T-GDI 4WD (17""타이어) (15)",현대,휘발유,1591,자동7,11.1,4등급,150,다목적형
BMW 420i Coupe,BMW,휘발유,1998,자동8,11.1,4등급,154,일반형
BMW 430i Convertible,BMW,휘발유,1998,자동8,11.1,4등급,156,일반형
BMW 420i Gran Coupe,BMW,휘발유,1997,자동8,11.1,4등급,155,일반형
투싼 1.6T-GDI AWD 7DCT 19인치,현대,휘발유,1598,자동7,11,4등급,153,다목적형
BMW 530i xDrive,BMW,휘발유,1998,자동8,11,4등급,153,일반형
쏘렌토(MQ4) 2.5T-GDI 2WD 5인 18인치타이어,기아,휘발유,2497,자동8,11,4등급,153,다목적형
투싼 1.6T-GDI AWD 7DCT 19인치 (빌트인캠),현대,휘발유,1598,자동7,11,4등급,153,다목적형
BMW 320i,BMW,휘발유,1998,자동8,11,4등급,154,일반형
캐딜락 CT6 2.0T,GM,휘발유,1998,자동10,11,4등급,156,일반형
캐딜락 ATS COUPE,GM,휘발유,1998,자동8,11,4등급,157,일반형
캐딜락 ATS RWD,GM,휘발유,1998,자동8,11,4등급,157,일반형
E300 (AMG Line),벤츠,휘발유,1991,자동9,11,4등급,158,일반형
"코나 1.6T-GDI 4WD (18""타이어) (15)",현대,휘발유,1591,자동7,11,4등급,151,다목적형
토요타 86 AT,토요타,휘발유,1998,자동6,11,4등급,151,일반형
토요타 86 MT,토요타,휘발유,1998,수동6,11,4등급,151,일반형
"그랜저 2.4GDI (18""타이어) (15)",현대,휘발유,2359,자동6,11,4등급,153,일반형
쏘렌토(MQ4) 2.5T-GDI 2WD 5인 18인치(빌트인캠),기아,휘발유,2497,자동8,10.9,4등급,154,다목적형
쏘나타(DN8) 2.5 T-GDI_19인치타이어(빌트인캠),현대,휘발유,2497,자동8,10.9,4등급,155,일반형
"셀토스 1.6T-GDI 4WD (18"" 타이어)",기아,휘발유,1591,자동7,10.9,4등급,155,다목적형
BMW 520i,BMW,휘발유,1998,자동8,10.9,4등급,153,일반형
"투싼 개조차 1.6T-GDI AWD (17""타이어)",현대,휘발유,1591,자동7,10.9,4등급,154,다목적형
렉서스 LC500h,토요타,휘발유,3456,무단변속,10.9,4등급,155,일반형
MINI Clubman John Cooper Works ALL4,MINI,휘발유,1998,자동8,10.9,4등급,158,일반형
Mercedes-Benz C200 Coupe,벤츠,휘발유,1991,자동9,10.8,4등급,158,일반형
Mercedes-Benz C200,벤츠,휘발유,1991,자동9,10.8,4등급,158,일반형
싼타페(개조) 2.5T-GDI 2WD 5인 18인치(빌트인캠),현대,휘발유,2497,자동8,10.8,4등급,156,다목적형
싼타페(개조) 2.5T-GDI 2WD 5인 18인치타이어,현대,휘발유,2497,자동8,10.8,4등급,156,다목적형
스팅어(CK PE) 2.5T-GDI 2WD_19인치(올시즌),기아,휘발유,2497,자동8,10.8,4등급,156,일반형
A5 Coupe 45 TFSI quattro,아우디,휘발유,1984,자동7,10.8,4등급,159,일반형
티볼리 가솔린 1.5 AT AWD 저공해3종,쌍용,휘발유,1497,자동6,10.8,4등급,154,기타형
G80 2.5T-GDI 2WD 18인치타이어,현대,휘발유,2497,자동8,10.8,4등급,157,일반형
토요타 86 MT,토요타,휘발유,1998,수동6,10.8,4등급,154,일반형
A5 Cabriolet 45 TFSI quattro,아우디,휘발유,1984,자동7,10.8,4등급,160,일반형
MINI John Cooper Works Convertible,MINI,휘발유,1998,자동8,10.8,4등급,157,일반형
"스포티지 2.0MPI (PE/17""타이어)",기아,휘발유,1999,자동6,10.8,4등급,156,다목적형
ACCORD 2.0T,혼다,휘발유,1996,자동10,10.8,4등급,158,일반형
MINI Cooper S Countryman ALL4,BMW,휘발유,1998,자동8,10.8,4등급,158,다목적형
"그랜저 2.4GDI (19""타이어) (15)",현대,휘발유,2359,자동6,10.8,4등급,155,일반형
E300,벤츠,휘발유,1991,자동9,10.8,4등급,161,일반형
말리부 2.0 TURBO,한국지엠,휘발유,1998,자동6,10.8,4등급,160,일반형
GV70 2.5T-GDI 2WD 18인치,현대,휘발유,2497,자동8,10.7,4등급,158,다목적형
G70(IK PE) 2.0T-GDI 2WD 18인치타이어,현대,휘발유,1998,자동8,10.7,4등급,158,일반형
MINI Cooper S Countryman ALL4,MINI,휘발유,1998,자동8,10.7,4등급,159,다목적형
벨로스터 N 2.0T-GDI (STD)_21MY,현대,휘발유,1998,수동6,10.7,4등급,159,일반형
G80 2.5T-GDI 2WD 18인치 (빌트인캠),현대,휘발유,2497,자동8,10.7,4등급,158,일반형
"투싼 개조차 1.6T-GDI AWD (20MY_18""타이어)",현대,휘발유,1591,자동7,10.7,4등급,157,다목적형
MINI Cooper Countryman ,MINI,휘발유,1499,자동7,10.7,4등급,159,일반형
G70 2.0T-GDI 2WD_18인치 타이어_20MY,현대,휘발유,1998,자동8,10.7,4등급,156,일반형
SLC250 ,벤츠,휘발유,1991,자동9,10.7,4등급,163,일반형
BMW Z4 sDrive20i,BMW,휘발유,1998,자동8,10.7,4등급,159,일반형
"투싼 개조차 1.6T-GDI AWD (18""타이어)",현대,휘발유,1591,자동7,10.7,4등급,157,다목적형
벨로스터 N 2.0T-GDI (STD),현대,휘발유,1998,수동6,10.7,4등급,159,일반형
K7 2.4GDI 18MY (19인치타이어) (15),기아,휘발유,2359,자동6,10.7,4등급,156,일반형
G70 2.0T-GDI 2WD (18인치 타이어) (15),현대,휘발유,1998,자동8,10.7,4등급,156,일반형
GV70 2.5T-GDI 2WD 18인치(빌트인캠),현대,휘발유,2497,자동8,10.6,4등급,160,다목적형
쏘렌토(MQ4) 2.5T-GDI 2WD 6인 18인치타이어,기아,휘발유,2497,자동8,10.6,4등급,159,다목적형
쏘렌토(MQ4) 2.5T-GDI 2WD 7인 18인치타이어,기아,휘발유,2497,자동8,10.6,4등급,159,다목적형
스팅어(CK PE) 2.5T-GDI 2WD_19인치(썸머),기아,휘발유,2497,자동8,10.6,4등급,160,일반형
캐딜락 CT4 2.0T,GM,휘발유,1998,자동8,10.6,4등급,161,일반형
G80 2.5T-GDI 2WD 20인치타이어,현대,휘발유,2497,자동8,10.6,4등급,160,일반형
G80 2.5T-GDI 2WD 19인치타이어,현대,휘발유,2497,자동8,10.6,4등급,160,일반형
A5 Sportback 45 TFSI quattro,아우디,휘발유,1984,자동7,10.6,4등급,162,일반형
MINI Cooper S Clubman,MINI,휘발유,1998,자동7,10.6,4등급,161,일반형
재규어 XF 25t,재규어,휘발유,1997,자동8,10.6,4등급,160,일반형
렉서스 LS500h AWD,토요타,휘발유,3456,무단변속,10.6,4등급,161,일반형
캐딜락 ATS COUPE,GM,휘발유,1998,자동8,10.6,4등급,165,일반형
캐딜락 ATS,GM,휘발유,1998,자동8,10.6,4등급,165,일반형
Mercedes-Benz GLA250 4MATIC,벤츠,휘발유,1991,자동8,10.5,4등급,170,다목적형
Mercedes-Benz GLB250 4MATIC,벤츠,휘발유,1991,자동8,10.5,4등급,170,다목적형
G70(IK PE) 2.0T-GDI 2WD 19인치(올시즌)_SP,현대,휘발유,1998,자동8,10.5,4등급,162,일반형
G70(IK PE) 2.0T-GDI 2WD 19인치(올시즌),현대,휘발유,1998,자동8,10.5,4등급,162,일반형
G70(IK PE) 2.0T-GDI 2WD 18인치(빌트인캠),현대,휘발유,1998,자동8,10.5,4등급,162,일반형
싼타페(개조) 2.5T-GDI 2WD 7인 18인치타이어,현대,휘발유,2497,자동8,10.5,4등급,161,다목적형
말리부 2.0 TURBO,한국지엠,휘발유,1998,자동6,10.5,4등급,163,일반형
A4 45 TFSI quattro,아우디,휘발유,1984,자동7,10.5,4등급,164,일반형
A5 Cabriolet 45 TFSI quattro,아우디,휘발유,1984,자동7,10.5,4등급,164,일반형
벨로스터 N 2.0T-GDI (PP)_21MY,현대,휘발유,1998,수동6,10.5,4등급,162,일반형
코란도 가솔린 1.5 AT 4WD 저공해3종,쌍용,휘발유,1497,자동6,10.5,4등급,159,다목적형
Mercedes-Benz E 250,벤츠,휘발유,1991,자동9,10.5,4등급,165,일반형
G70 2.0T-GDI 2WD (19인치 올시즌타이어) ,현대,휘발유,1998,자동8,10.5,4등급,161,일반형
"스포티지 2.0MPI (PE/18"",19""타이어) (19)",기아,휘발유,1999,자동6,10.5,4등급,161,다목적형
"스포티지 2.0MPI (PE/18"",19""타이어)",기아,휘발유,1999,자동6,10.5,4등급,161,다목적형
벨로스터 N 2.0T-GDI (PP),현대,휘발유,1998,수동6,10.5,4등급,162,일반형
캐딜락 CTS,GM,휘발유,1998,자동8,10.5,4등급,168,일반형
G70(IK PE) 2.0T-GDI 2WD 19인치(썸머)_SP,현대,휘발유,1998,자동8,10.4,4등급,163,일반형
G70(IK PE) 2.0T-GDI 2WD 19인치(썸머),현대,휘발유,1998,자동8,10.4,4등급,163,일반형
볼보 XC40B4 AWD,볼보,휘발유,1969,자동8,10.4,4등급,163,다목적형
싼타페(개조) 2.5T-GDI 2WD 7인 18인치(빌트인캠),현대,휘발유,2497,자동8,10.4,4등급,162,다목적형
MINI John Cooper Works Countryman ALL4,MINI,휘발유,1998,자동8,10.4,4등급,162,일반형
A5 Sportback 45 TFSI quattro,아우디,휘발유,1984,자동7,10.4,4등급,165,일반형
BMW M235i xDrive Gran Coupe,BMW,휘발유,1998,자동8,10.4,4등급,161,일반형
벤츠 C 200 Cabriolet,벤츠,휘발유,1991,자동9,10.4,4등급,167,일반형
재규어 XE P250,재규어,휘발유,1997,자동8,10.4,4등급,158,일반형
A5 Coupe 45 TFSI quattro,아우디,휘발유,1984,자동7,10.4,4등급,166,일반형
"투싼 개조차 1.6T-GDI AWD (20MY_19""타이어)",현대,휘발유,1591,자동7,10.4,4등급,162,다목적형
BMW 530i,BMW,휘발유,1998,자동8,10.4,4등급,163,일반형
G70 2.0T-GDI 2WD_19인치 타이어_20MY,현대,휘발유,1998,자동8,10.4,4등급,161,일반형
BMW 330i xDrive,BMW,휘발유,1998,자동8,10.4,4등급,164,일반형
"투싼 개조차 1.6T-GDI AWD (19""타이어)",현대,휘발유,1591,자동7,10.4,4등급,162,다목적형
G70 2.0T-GDI 2WD (19인치 타이어) (15),현대,휘발유,1998,자동8,10.4,4등급,161,일반형
스팅어 2.0T-GDI 2WD_18인치 타이어 (15),기아,휘발유,1998,자동8,10.4,4등급,161,일반형
BMW 530i xDrive,BMW,휘발유,1998,자동8,10.4,4등급,165,일반형
Mercedes-AMG A35 4MATIC (NEW),벤츠,휘발유,1991,자동7,10.3,4등급,174,일반형
Mercedes-AMG A35 4MATIC,벤츠,휘발유,1991,자동7,10.3,4등급,174,일반형
볼보 V90CCB5 AWD,볼보,휘발유,1969,자동8,10.3,4등급,164,다목적형
쏘렌토(MQ4) 2.5T-GDI 2WD 5인 20인치타이어,기아,휘발유,2497,자동8,10.3,4등급,164,다목적형
쏘렌토(MQ4) 2.5T-GDI 2WD 6인 20인치타이어,기아,휘발유,2497,자동8,10.3,4등급,164,다목적형
쏘렌토(MQ4) 2.5T-GDI 2WD 7인 20인치타이어,기아,휘발유,2497,자동8,10.3,4등급,164,다목적형
재규어 XF 25t,재규어,휘발유,1997,자동8,10.3,4등급,160,일반형
Q5 45 TFSI quattro,아우디,휘발유,1984,자동7,10.3,4등급,167,다목적형
Q5 45 TFSI quattro,아우디,휘발유,1984,자동7,10.3,4등급,167,다목적형
BMW 530i xDrive,BMW,휘발유,1998,자동8,10.3,4등급,166,일반형
벤츠 E 350 4MATIC,벤츠,휘발유,1991,자동9,10.3,4등급,169,일반형
벤츠 C200 Cabriolet,벤츠,휘발유,1991,자동9,10.3,4등급,169,일반형
스팅어 2.0T-GDI 2WD_19인치타이어(올시즌),기아,휘발유,1998,자동8,10.3,4등급,166,일반형
A5 Coupe 45 TFSI quattro,아우디,휘발유,1984,자동7,10.3,4등급,166,일반형
A5 Coupe 45 TFSI quattro,아우디,휘발유,1984,자동7,10.3,4등급,166,일반형
INFINITI QX50 2.0,닛산,휘발유,1997,무단변속,10.3,4등급,167,다목적형
E300 4Matic,벤츠,휘발유,1991,자동9,10.3,4등급,169,일반형
캐딜락ATS AWD,GM,휘발유,1998,자동8,10.3,4등급,172,일반형
스팅어(CK PE) 2.5T-GDI AWD_18인치타이어,기아,휘발유,2497,자동8,10.2,4등급,166,일반형
캐딜락 CT5 2.0T,GM,휘발유,1998,자동10,10.2,4등급,170,일반형
벤츠 E 350 4MATIC,벤츠,휘발유,1991,자동9,10.2,4등급,171,일반형
벨로스터 N 2.0T-GDI_8DCT,현대,휘발유,1998,자동8,10.2,4등급,167,일반형
Mercedes-Benz E 300,벤츠,휘발유,1991,자동9,10.2,4등급,171,일반형
BMW Z4 M40i,BMW,휘발유,2998,자동8,10.2,4등급,168,일반형
티볼리 가솔린 1.5 AT AWD 기준4,쌍용,휘발유,1497,자동6,10.2,4등급,164,기타형
MINI Countryman John Cooper Works ALL4,MINI,휘발유,1998,자동8,10.2,4등급,164,다목적형
BMW 540i xDrive,BMW,휘발유,2998,자동8,10.2,4등급,170,일반형
재규어 XF 25t AWD,재규어,휘발유,1997,자동8,10.2,4등급,165,일반형
캐딜락 CT6 2.0T,GM,휘발유,1998,자동8,10.2,4등급,171,일반형
렉서스 IS200t,토요타,휘발유,1998,자동8,10.2,4등급,170,일반형
Mercedes-Benz E250,벤츠,휘발유,1991,자동9,10.1,4등급,177,일반형
싼타페(개조) 2.5T-GDI 2WD 5인 20인치타이어,현대,휘발유,2497,자동8,10.1,4등급,167,다목적형
싼타페(개조) 2.5T-GDI 2WD 7인 20인치타이어,현대,휘발유,2497,자동8,10.1,4등급,167,다목적형
G80 2.5T-GDI AWD 18인치타이어,현대,휘발유,2497,자동8,10.1,4등급,167,일반형
코란도 가솔린 1.5 AT 4WD 저공해3종,쌍용,휘발유,1497,자동6,10.1,4등급,166,다목적형
A5 Sportback 45 TFSI quattro,아우디,휘발유,1984,자동7,10.1,4등급,169,일반형
K01H,DFSK,휘발유,1240,수동5,10.1,4등급,166,화물
BMW X2 xDrive25i,BMW,휘발유,1998,자동8,10.1,4등급,172,다목적형
A5 Sportback 45 TFSI quattro,아우디,휘발유,1984,자동7,10.1,4등급,169,일반형
스팅어 2.0T-GDI 2WD_19인치타이어_19MY,기아,휘발유,1998,자동8,10.1,4등급,165,일반형
스팅어 2.0T-GDI 2WD_19인치 타이어 (15),기아,휘발유,1998,자동8,10.1,4등급,165,일반형
"그랜저 3.0GDI 8AT (18""타이어) (15)",현대,휘발유,2999,자동8,10.1,4등급,168,일반형
짚 체로키 2.4 FWD,크라이슬러,휘발유,2360,자동9,10,4등급,172,다목적형
GV70 2.5T-GDI 2WD 19인치,현대,휘발유,2497,자동8,10,4등급,170,다목적형
GV70 2.5T-GDI 2WD 19인치 (스포츠패키지),현대,휘발유,2497,자동8,10,4등급,170,다목적형
쏘렌토(MQ4) 2.5T-GDI 4WD 5인 18인치타이어,기아,휘발유,2497,자동8,10,4등급,168,다목적형
쏘렌토(MQ4) 2.5T-GDI 4WD 6인 18인치타이어,기아,휘발유,2497,자동8,10,4등급,168,다목적형
쏘렌토(MQ4) 2.5T-GDI 4WD 7인 18인치타이어,기아,휘발유,2497,자동8,10,4등급,168,다목적형
스팅어(CK PE) 2.5T-GDI AWD_19인치(올시즌),기아,휘발유,2497,자동8,10,4등급,170,일반형
짚 레니게이드 2.4 FWD,크라이슬러,휘발유,2360,자동9,10,4등급,171,다목적형
MINI John Cooper Works Clubman ALL4,BMW,휘발유,1998,자동8,10,4등급,170,일반형
Mercedes-Benz E 300 4MATIC,벤츠,휘발유,1991,자동9,10,4등급,174,일반형
G70 2.0T-GDI AWD_18인치 타이어_20MY,현대,휘발유,1998,자동8,10,4등급,168,일반형
"K7 3.0GDI (PE/18""타이어)",기아,휘발유,2999,자동8,10,4등급,168,일반형
짚 레니게이드 2.4,크라이슬러,휘발유,2360,자동9,10,4등급,171,다목적형
"K7 3.0GDI (18""타이어) (15)",기아,휘발유,2999,자동8,10,4등급,168,일반형
G70 2.0T-GDI AWD (18인치 타이어) (15),현대,휘발유,1998,자동8,10,4등급,168,일반형
K7(YG) 3.3GDI (18인치타이어) (15),기아,휘발유,3342,자동8,10,4등급,170,일반형
짚 레니게이드 2.4,크라이슬러,휘발유,2360,자동9,10,4등급,171,일반형
G70(IK PE) 2.0T-GDI AWD 18인치타이어,현대,휘발유,1998,자동8,9.9,4등급,172,일반형
볼보 V60CCB5 AWD,볼보,휘발유,1969,자동8,9.9,4등급,172,다목적형
싼타페(개조) 2.5T-GDI AWD 5인 18인치타이어,현대,휘발유,2497,자동8,9.9,4등급,172,다목적형
싼타페(개조) 2.5T-GDI AWD 7인 18인치타이어,현대,휘발유,2497,자동8,9.9,4등급,172,다목적형
S4 TFSI,아우디,휘발유,2995,자동8,9.9,4등급,175,일반형
BMW 540i xDrive,BMW,휘발유,2998,자동8,9.9,4등급,170,일반형
스팅어(CK PE) 2.5T-GDI AWD_19인치(썸머),기아,휘발유,2497,자동8,9.9,4등급,172,일반형
재규어 XF 25t AWD,재규어,휘발유,1997,자동8,9.9,4등급,167,일반형
BMW M340i xDrive Touring,BMW,휘발유,2998,자동8,9.9,4등급,170,일반형
G80 2.5T-GDI AWD 18인치 (빌트인캠),현대,휘발유,2497,자동8,9.9,4등급,171,일반형
BMW X2 xDrive25i,BMW,휘발유,1998,자동8,9.9,4등급,173,다목적형
BMW M340i,BMW,휘발유,2998,자동8,9.9,4등급,174,일반형
"그랜저 3.0GDI 8AT (19""타이어) (15)",현대,휘발유,2999,자동8,9.9,4등급,171,일반형
"아슬란 3.0GDI 8AT (18""타이어) (15)",현대,휘발유,2999,자동8,9.9,4등급,171,일반형
렉서스 RC200t,토요타,휘발유,1998,자동8,9.9,4등급,175,일반형
짚 레니게이드 2.4 FWD,크라이슬러,휘발유,2360,자동9,9.8,4등급,174,다목적형
재규어 F-Type P300 Convertible,재규어,휘발유,1997,자동8,9.8,4등급,172,일반형
재규어 F-Type P300 Coupe,재규어,휘발유,1997,자동8,9.8,4등급,172,일반형
GV70 2.5T-GDI 2WD 21인치,현대,휘발유,2497,자동8,9.8,4등급,173,다목적형
GV70 2.5T-GDI AWD 18인치,현대,휘발유,2497,자동8,9.8,4등급,174,다목적형
GV70 2.5T-GDI 2WD 21인치 (스포츠패키지),현대,휘발유,2497,자동8,9.8,4등급,173,다목적형
G80 2.5T-GDI AWD 20인치타이어,현대,휘발유,2497,자동8,9.8,4등급,174,일반형
G80 2.5T-GDI AWD 19인치타이어,현대,휘발유,2497,자동8,9.8,4등급,173,일반형
BMW X1 xDrive25i,BMW,휘발유,1998,자동8,9.8,4등급,174,다목적형
FENGON ix5,DFSK,휘발유,1498,무단변속,9.8,4등급,173,다목적형
BMW X2 xDrive20i,BMW,휘발유,1998,자동8,9.8,4등급,174,다목적형
BMW X1 xDrive20i,BMW,휘발유,1998,자동8,9.8,4등급,175,다목적형
"K7 3.0GDI (PE/19""타이어)",기아,휘발유,2999,자동8,9.8,4등급,170,일반형
INFINITI QX50 2.0 AWD,닛산,휘발유,1997,무단변속,9.8,4등급,176,다목적형
재규어 F-TYPE P300 Convertible,재규어,휘발유,1997,자동8,9.8,4등급,172,일반형
재규어 F-TYPE P300 Coupe,재규어,휘발유,1997,자동8,9.8,4등급,172,일반형
"K7 3.0GDI (19""타이어) (15)",기아,휘발유,2999,자동8,9.8,4등급,170,일반형
"아슬란 3.0GDI 8AT (19""타이어) (15)",현대,휘발유,2999,자동8,9.8,4등급,173,일반형
GV70 2.5T-GDI AWD 19인치,현대,휘발유,2497,자동8,9.7,4등급,176,다목적형
GV70 2.5T-GDI AWD 19인치 (스포츠패키지),현대,휘발유,2497,자동8,9.7,4등급,176,다목적형
GV70 2.5T-GDI AWD 18인치(빌트인캠),현대,휘발유,2497,자동8,9.7,4등급,176,다목적형
G70(IK PE) 2.0T-GDI AWD 18인치(빌트인캠),현대,휘발유,1998,자동8,9.7,4등급,176,일반형
쏘렌토(MQ4) 2.5T-GDI 4WD 5인 20인치타이어,기아,휘발유,2497,자동8,9.7,4등급,175,다목적형
쏘렌토(MQ4) 2.5T-GDI 4WD 6인 20인치타이어,기아,휘발유,2497,자동8,9.7,4등급,175,다목적형
쏘렌토(MQ4) 2.5T-GDI 4WD 7인 20인치타이어,기아,휘발유,2497,자동8,9.7,4등급,175,다목적형
C35S5,DFSK,휘발유,1493,수동5,9.7,4등급,174,밴형화물
C35S2,DFSK,휘발유,1493,수동5,9.7,4등급,174,밴형화물
Mercedes-Benz GLC 300 4MATIC ,벤츠,휘발유,1991,자동9,9.7,4등급,179,다목적형
GV80 2.5T-GDI 2WD 5인승 19인치 타이어,현대,휘발유,2497,자동8,9.7,4등급,175,다목적형
Mercedes-Benz GLC 300 4MATIC Coupe,벤츠,휘발유,1991,자동9,9.7,4등급,179,다목적형
그랜저(IG개조) 3.3 GDI_18인치타이어,현대,휘발유,3342,자동8,9.7,4등급,178,일반형
GR Supra,토요타,휘발유,2998,자동8,9.7,4등급,171,일반형
A5 Cabriolet 45 TFSI quattro,아우디,휘발유,1984,자동7,9.7,4등급,177,일반형
A5 Cabriolet 45 TFSI quattro,아우디,휘발유,1984,자동7,9.7,4등급,177,일반형
BMW M4 CS,BMW,휘발유,2979,자동7,9.7,4등급,180,일반형
"그랜저 3.3GDI 8AT (19""타이어) (15)",현대,휘발유,3342,자동8,9.7,4등급,173,일반형
"아슬란 3.3GDI 8AT (18""타이어) (15)",현대,휘발유,3342,자동8,9.7,4등급,175,일반형
BMW 740Li xDrive,BMW,휘발유,2998,자동8,9.7,4등급,179,일반형
K7(YG) 3.3GDI (19인치타이어) (15),기아,휘발유,3342,자동8,9.7,4등급,176,일반형
BMW 640i xDrive,BMW,휘발유,2998,자동8,9.6,4등급,179,일반형
짚 컴패스 2.4 FWD,크라이슬러,휘발유,2360,자동6,9.6,4등급,181,다목적형
MINI John Cooper Works Countryman ALL4,MINI,휘발유,1998,자동8,9.6,4등급,180,일반형
그랜저(IG개조) 3.3 GDI_19인치타이어,현대,휘발유,3342,자동8,9.6,4등급,179,일반형
MINI Cooper S Countryman ALL4,MINI,휘발유,1998,자동8,9.6,4등급,178,일반형
G70 2.0T-GDI AWD (19인치 올시즌타이어),현대,휘발유,1998,자동8,9.6,4등급,178,일반형
Maxima,닛산,휘발유,3498,무단변속,9.6,4등급,180,일반형
짚 랭글러 스포츠,크라이슬러,휘발유,1995,자동8,9.6,4등급,179,다목적형
"팰리세이드 3.8GDI 2WD 7인 (18"" 타이어)",현대,휘발유,3778,자동8,9.6,4등급,178,다목적형
"팰리세이드 3.8GDI 2WD 8인 (18"" 타이어)",현대,휘발유,3778,자동8,9.6,4등급,178,다목적형
스팅어 2.0T-GDI AWD_18인치타이어_19MY,기아,휘발유,1998,자동8,9.6,4등급,175,일반형
INFINITI Q60,닛산,휘발유,2997,자동7,9.6,4등급,180,일반형
쏘렌토(PE) 2.0T-GDI 2WD 5인 (18인치 타이어)(15),기아,휘발유,1998,자동8,9.6,4등급,175,다목적형
쏘렌토(PE) 2.0T-GDI 2WD 7인 (18인치 타이어)(15),기아,휘발유,1998,자동8,9.6,4등급,175,다목적형
E300 4Matic (AMG Line),벤츠,휘발유,1991,자동9,9.6,4등급,181,일반형
스팅어 2.0T-GDI AWD_18인치 타이어 (15),기아,휘발유,1998,자동8,9.6,4등급,175,일반형
"아슬란 3.3GDI 8AT (19""타이어) (15)",현대,휘발유,3342,자동8,9.6,4등급,177,일반형
G70(IK PE) 2.0T-GDI AWD 19인치(올시즌)_SP,현대,휘발유,1998,자동8,9.5,4등급,180,일반형
G70(IK PE) 2.0T-GDI AWD 19인치(올시즌),현대,휘발유,1998,자동8,9.5,4등급,180,일반형
싼타페(개조) 2.5T-GDI AWD 5인 20인치타이어,현대,휘발유,2497,자동8,9.5,4등급,178,다목적형
싼타페(개조) 2.5T-GDI AWD 7인 20인치타이어,현대,휘발유,2497,자동8,9.5,4등급,178,다목적형
S5 Coupe TFSI,아우디,휘발유,2995,자동8,9.5,4등급,183,일반형
GV80 2.5T-GDI 2WD 5인 19인치타이어 (빌트인캠),현대,휘발유,2497,자동8,9.5,4등급,179,다목적형
BMW 740i,BMW,휘발유,2998,자동8,9.5,4등급,181,일반형
A7 55 TFSI quattro,아우디,휘발유,2995,자동7,9.5,4등급,182,일반형
짚 체로키 2.4 FWD,크라이슬러,휘발유,2360,자동9,9.5,4등급,182,다목적형
BMW 840i xDrive,BMW,휘발유,2998,자동8,9.5,4등급,181,일반형
Mercedes-AMG E 53 4MATIC +,벤츠,휘발유,2999,자동9,9.5,4등급,185,일반형
BMW X4 xDrive20i,BMW,휘발유,1998,자동8,9.5,4등급,181,다목적형
G70 3.3T-GDI 2WD (19인치 PS4S타이어),현대,휘발유,3342,자동8,9.5,4등급,180,일반형
Mercedes-AMG CLS 53 4MATIC + ,벤츠,휘발유,2999,자동9,9.5,4등급,183,일반형
BMW X3 xDrive20i,BMW,휘발유,1998,자동8,9.5,4등급,181,다목적형
G70 2.0T-GDI AWD_19인치 타이어_20MY,현대,휘발유,1998,자동8,9.5,4등급,177,일반형
스팅어 2.0T-GDI AWD_19인치타이어(올시즌),기아,휘발유,1998,자동8,9.5,4등급,181,일반형
싼타페 2.0T-GDI 2WD 5인,현대,휘발유,1998,자동8,9.5,4등급,180,다목적형
캐딜락 CTS AWD,GM,휘발유,1998,자동8,9.5,4등급,185,일반형
싼타페 2.0T-GDI 2WD 7인,현대,휘발유,1998,자동8,9.5,4등급,180,다목적형
G70 2.0T-GDI AWD (19인치 타이어) (15),현대,휘발유,1998,자동8,9.5,4등급,177,일반형
Mercedes-AMG SLC43,벤츠,휘발유,2996,자동9,9.5,4등급,184,일반형
아슬란 3.0GDI,현대,휘발유,2999,자동6,9.5,4등급,188,일반형
아슬란 3.3GDI,현대,휘발유,3342,자동6,9.5,4등급,188,일반형
G70(IK PE) 3.3T-GDI 2WD 19인치(올시즌)_SP,현대,휘발유,3342,자동8,9.4,4등급,182,일반형
G70(IK PE) 3.3T-GDI 2WD 19인치(올시즌),현대,휘발유,3342,자동8,9.4,4등급,182,일반형
BMW 840i xDrive Gran Coupe,BMW,휘발유,2998,자동8,9.4,4등급,183,일반형
BMW 740Li xDrive,BMW,휘발유,2998,자동8,9.4,4등급,184,일반형
Mercedes-AMG SLC43,벤츠,휘발유,2996,자동9,9.4,4등급,186,일반형
Maxima,닛산,휘발유,3498,무단변속,9.4,4등급,182,일반형
INFINITI Q60,닛산,휘발유,2997,자동7,9.4,4등급,183,일반형
BMW X1 xDrive25i,BMW,휘발유,1998,자동8,9.4,4등급,187,다목적형
스팅어 2.0T-GDI AWD_19인치타이어_19MY,기아,휘발유,1998,자동8,9.4,4등급,179,일반형
Mercedes-AMG C43 4Matic Coupe,벤츠,휘발유,2996,자동9,9.4,4등급,187,일반형
Mustang 2.3 Convertible,포드,휘발유,2261,자동10,9.4,4등급,179,일반형
Mustang 2.3 Coupe,포드,휘발유,2261,자동10,9.4,4등급,179,일반형
쏘렌토(PE) 2.0T-GDI 2WD 5인 (19인치 타이어) (15),기아,휘발유,1998,자동8,9.4,4등급,180,다목적형
쏘렌토(PE) 2.0T-GDI 2WD 7인 (19인치 타이어) (15),기아,휘발유,1998,자동8,9.4,4등급,180,다목적형
스팅어 2.0T-GDI AWD_19인치 타이어 (15),기아,휘발유,1998,자동8,9.4,4등급,179,일반형
718 카이맨,포르쉐,휘발유,1988,자동7,9.4,4등급,179,일반형
718 박스터,포르쉐,휘발유,1988,자동7,9.4,4등급,179,일반형
911 카레라,포르쉐,휘발유,2981,자동7,9.4,4등급,184,일반형
911 카레라 카브리올레,포르쉐,휘발유,2981,자동7,9.4,4등급,184,일반형
캐딜락 CTS AWD,GM,휘발유,1998,자동8,9.4,4등급,189,일반형
짚 체로키 2.4 AWD,크라이슬러,휘발유,2360,자동9,9.3,5등급,184,다목적형
G70(IK PE) 2.0T-GDI AWD 19인치(썸머)_SP,현대,휘발유,1998,자동8,9.3,5등급,184,일반형
G70(IK PE) 2.0T-GDI AWD 19인치(썸머),현대,휘발유,1998,자동8,9.3,5등급,184,일반형
BMW 630i xDrive,BMW,휘발유,2998,자동8,9.3,5등급,186,일반형
718 카이맨,포르쉐,휘발유,1988,자동7,9.3,5등급,186,일반형
718 박스터,포르쉐,휘발유,1988,자동7,9.3,5등급,186,일반형
GV80 2.5T-GDI 2WD 7인 19인치타이어,현대,휘발유,2497,자동8,9.3,5등급,183,다목적형
짚 체로키 2.4 AWD,크라이슬러,휘발유,2360,자동9,9.3,5등급,185,다목적형
INFINITI Q50,닛산,휘발유,2997,자동7,9.3,5등급,187,일반형
BMW 540i xDrive,BMW,휘발유,2998,자동8,9.3,5등급,185,일반형
BMW 630i xDrive,BMW,휘발유,2998,자동8,9.3,5등급,186,일반형
"팰리세이드 3.8GDI 2WD 7인(20""타이어)",현대,휘발유,3778,자동8,9.3,5등급,184,다목적형
"팰리세이드 3.8GDI 2WD 8인(20""타이어)",현대,휘발유,3778,자동8,9.3,5등급,184,다목적형
BMW M4 Coupe Competition Package,BMW,휘발유,2979,자동7,9.3,5등급,184,일반형
BMW M3 Competition Package,BMW,휘발유,2979,자동7,9.3,5등급,184,일반형
911 카레라 S,포르쉐,휘발유,2981,자동7,9.3,5등급,182,일반형
911 카레라 S 카브리올레,포르쉐,휘발유,2981,자동7,9.3,5등급,182,일반형
911 카레라 4,포르쉐,휘발유,2981,자동7,9.3,5등급,186,일반형
911 카레라 4 카브리올레,포르쉐,휘발유,2981,자동7,9.3,5등급,186,일반형
911 타르가 4,포르쉐,휘발유,2981,자동7,9.3,5등급,186,일반형
렉서스 NX200t,토요타,휘발유,1998,자동6,9.3,5등급,186,다목적형
Mercedes-Benz GLC300 4MATIC,벤츠,휘발유,1991,자동9,9.2,5등급,194,다목적형
GV70 2.5T-GDI AWD 21인치,현대,휘발유,2497,자동8,9.2,5등급,186,다목적형
GV70 2.5T-GDI AWD 21인치 (스포츠패키지),현대,휘발유,2497,자동8,9.2,5등급,186,다목적형
Mercedes-AMG E53 4MATIC +,벤츠,휘발유,2999,자동9,9.2,5등급,189,일반형
Mercedes-AMG E53 4MATIC + Coupe,벤츠,휘발유,2999,자동9,9.2,5등급,189,일반형
Mercedes-AMG CLS 53 4MATIC +,벤츠,휘발유,2999,자동9,9.2,5등급,189,일반형
짚 컴패스 2.4 AWD (Limited),크라이슬러,휘발유,2360,자동9,9.2,5등급,189,다목적형
짚 컴패스 2.4 AWD,크라이슬러,휘발유,2360,자동9,9.2,5등급,189,다목적형
짚 레니게이드 2.4 AWD,크라이슬러,휘발유,2360,자동9,9.2,5등급,188,다목적형
Lincoln Corsair 2.0 (19인치),포드,휘발유,1999,자동8,9.2,5등급,184,다목적형
Lincoln Corsair 2.0,포드,휘발유,1999,자동8,9.2,5등급,184,다목적형
G80 3.5T-GDI 2WD 19인치타이어,현대,휘발유,3470,자동8,9.2,5등급,187,일반형
짚 컴패스 2.4,크라이슬러,휘발유,2360,자동9,9.2,5등급,189,다목적형
Mercedes-Benz S 350 L,벤츠,휘발유,2996,자동9,9.2,5등급,190,일반형
짚 레니게이드 2.4 AWD,크라이슬러,휘발유,2360,자동9,9.2,5등급,188,다목적형
E450 4Matic,벤츠,휘발유,2996,자동9,9.2,5등급,190,일반형
BMW 640i xDrive,BMW,휘발유,2998,자동8,9.2,5등급,190,일반형
911 카레라 GTS,포르쉐,휘발유,2981,자동7,9.2,5등급,188,일반형
911 카레라 GTS 카브리올레,포르쉐,휘발유,2981,자동7,9.2,5등급,188,일반형
BMW M4 Coupe,BMW,휘발유,2979,자동7,9.2,5등급,187,일반형
BMW M4 Coupe,BMW,휘발유,2979,자동7,9.2,5등급,187,일반형
BMW M3,BMW,휘발유,2979,자동7,9.2,5등급,187,일반형
ODYSSEY,혼다,휘발유,3471,자동10,9.2,5등급,188,일반형
Mercedes-Benz E 450 4MATIC Coupe,벤츠,휘발유,2999,자동9,9.1,5등급,192,일반형
Mercedes-Benz E450 4MATIC Cabriolet ,벤츠,휘발유,2999,자동9,9.1,5등급,192,일반형
Mercedes-Benz E 450 4MATIC,벤츠,휘발유,2999,자동9,9.1,5등급,192,일반형
G70(IK PE) 3.3T-GDI 2WD 19인치(썸머)_SP,현대,휘발유,3342,자동8,9.1,5등급,188,일반형
G70(IK PE) 3.3T-GDI 2WD 19인치(썸머),현대,휘발유,3342,자동8,9.1,5등급,188,일반형
카니발 3.5GDI 11인 18인치타이어,기아,휘발유,3470,자동8,9.1,5등급,188,일반형
카니발 3.5GDI 11인 18인치타이어(빌트인캠),기아,휘발유,3470,자동8,9.1,5등급,188,일반형
카니발 3.5GDI 9인 18인치/19인치타이어,기아,휘발유,3470,자동8,9.1,5등급,187,기타형
카니발 3.5GDI 9인 18인치/19인치타이어 (빌트인캠),기아,휘발유,3470,자동8,9.1,5등급,188,기타형
GV80 2.5T-GDI 2WD 5인 22인치타이어,현대,휘발유,2497,자동8,9.1,5등급,188,다목적형
GV80 2.5T-GDI 2WD 5인 20인치타이어,현대,휘발유,2497,자동8,9.1,5등급,188,다목적형
GV80 2.5T-GDI 2WD 7인 20인치타이어,현대,휘발유,2497,자동8,9.1,5등급,188,다목적형
GV80 2.5T-GDI 2WD 7인 22인치타이어,현대,휘발유,2497,자동8,9.1,5등급,188,다목적형
G80 3.5T-GDI 2WD 19인치 (빌트인캠),현대,휘발유,3470,자동8,9.1,5등급,189,일반형
G80 3.5T-GDI 2WD 20인치타이어,현대,휘발유,3470,자동8,9.1,5등급,188,일반형
Mercedes-Benz CLS 450 4MATIC,벤츠,휘발유,2999,자동9,9.1,5등급,192,일반형
재규어 XE P300 AWD,재규어,휘발유,1997,자동8,9.1,5등급,183,일반형
Mercedes-Benz E 450 4MATIC Coupe,벤츠,휘발유,2996,자동9,9.1,5등급,192,일반형
Mercedes-Benz E 450 4MATIC,벤츠,휘발유,2996,자동9,9.1,5등급,192,일반형
INFINITI Q50,닛산,휘발유,2997,자동7,9.1,5등급,191,일반형
G70 3.3T-GDI 2WD (19인치 올시즌타이어),현대,휘발유,3342,자동8,9.1,5등급,189,일반형
E450 Cabriolet,벤츠,휘발유,2996,자동9,9.1,5등급,192,일반형
Mercedes-AMG C43 4Matic,벤츠,휘발유,2996,자동9,9.1,5등급,192,일반형
"G80 3.3GDI 2WD 19MY (18""타이어)",현대,휘발유,3342,자동8,9.1,5등급,186,일반형
BMW M3 CS,BMW,휘발유,2979,자동7,9.1,5등급,190,일반형
K9(RJ) 3.3GDI 2WD 18인치 타이어,기아,휘발유,3342,자동8,9.1,5등급,188,일반형
Mercedes-AMG C43 4Matic,벤츠,휘발유,2996,자동9,9.1,5등급,194,일반형
911 카레라 4S,포르쉐,휘발유,2981,자동7,9.1,5등급,190,일반형
911 카레라 4S 카브리올레,포르쉐,휘발유,2981,자동7,9.1,5등급,190,일반형
911 타르가 4S,포르쉐,휘발유,2981,자동7,9.1,5등급,190,일반형
Mercedes-AMG A45 4MATIC,벤츠,휘발유,1991,자동8,9,5등급,194,일반형
짚 랭글러 윌리스,크라이슬러,휘발유,1995,자동8,9,5등급,193,다목적형
Mercedes-AMG CLA45 S 4MATIC,벤츠,휘발유,1991,자동8,9,5등급,194,일반형
스팅어(CK PE) 3.3T-GDI 2WD_19인치(올시즌),기아,휘발유,3342,자동8,9,5등급,192,일반형
재규어 E-PACE P250,재규어,휘발유,1997,자동9,9,5등급,189,다목적형
ODYSSEY,혼다,휘발유,3471,자동10,9,5등급,187,일반형
GV80 2.5T-GDI AWD 5인 19인치타이어,현대,휘발유,2497,자동8,9,5등급,190,다목적형
GV80 2.5T-GDI AWD 7인 19인치타이어,현대,휘발유,2497,자동8,9,5등급,190,다목적형
BMW 640i xDrive,BMW,휘발유,2998,자동8,9,5등급,191,일반형
G70 3.3T-GDI 2WD_19인치 타이어_20MY,현대,휘발유,3342,자동8,9,5등급,188,일반형
BMW 840i xDrive,BMW,휘발유,2998,자동8,9,5등급,191,일반형
E450 4Matic Coupe,벤츠,휘발유,2996,자동9,9,5등급,195,일반형
E450 4Matic Cabriolet,벤츠,휘발유,2996,자동9,9,5등급,195,일반형
ODYSSEY,혼다,휘발유,3471,자동10,9,5등급,187,일반형
스팅어 3.3T-GDI 2WD_19인치타이어(올시즌),기아,휘발유,3342,자동8,9,5등급,192,일반형
"팰리세이드 3.8GDI AWD 7인(18""타이어)",현대,휘발유,3778,자동8,9,5등급,191,다목적형
"팰리세이드 3.8GDI AWD 8인(18""타이어)",현대,휘발유,3778,자동8,9,5등급,191,다목적형
짚 랭글러 스포츠,크라이슬러,휘발유,1995,자동8,9,5등급,193,다목적형
BMW M2 Competition Package,BMW,휘발유,2979,자동7,9,5등급,193,일반형
짚 랭글러 사하라,크라이슬러,휘발유,1995,자동8,9,5등급,193,다목적형
K9(RJ) 3.8GDI 2WD 18인치 타이어,기아,휘발유,3778,자동8,9,5등급,192,일반형
재규어 E-PACE P250,재규어,휘발유,1997,자동9,9,5등급,189,다목적형
렉서스 RC350,토요타,휘발유,3456,자동8,9,5등급,194,일반형
싼타페 2.0T-GDI 4WD 5인,현대,휘발유,1998,자동8,9,5등급,190,다목적형
싼타페 2.0T-GDI 4WD 7인,현대,휘발유,1998,자동8,9,5등급,190,다목적형
G70 3.3T-GDI 2WD (19인치 타이어) (15),현대,휘발유,3342,자동8,9,5등급,188,일반형
718 카이맨 S,포르쉐,휘발유,2497,자동7,9,5등급,189,일반형
718 박스터 S,포르쉐,휘발유,2497,자동7,9,5등급,189,일반형
G70(IK PE) 3.3T-GDI AWD 19인치(올시즌)_SP,현대,휘발유,3342,자동8,8.9,5등급,193,일반형
G70(IK PE)3.3T-GDI AWD 19인치(올시즌),현대,휘발유,3342,자동8,8.9,5등급,193,일반형
카니발 3.5GDI 7인 19인치타이어,기아,휘발유,3470,자동8,8.9,5등급,192,기타형
카니발 3.5GDI 7인 19인치타이어(빌트인캠),기아,휘발유,3470,자동8,8.9,5등급,193,기타형
Mercedes-Benz E 450 4MATIC Cabriolet,벤츠,휘발유,2996,자동9,8.9,5등급,198,일반형
Explorer 2.3,포드,휘발유,2261,자동10,8.9,5등급,189,다목적형
G70 3.3T-GDI 2WD_20MY(19인치 PS4S타이어),현대,휘발유,3342,자동8,8.9,5등급,189,일반형
Mercedes-AMG C43 4Matic Cabriolet,벤츠,휘발유,2996,자동9,8.9,5등급,198,일반형
레인지로버 이보크 P250,랜드로버,휘발유,1997,자동9,8.9,5등급,192,다목적형
INFINITI QX60 2WD,닛산,휘발유,3498,무단변속,8.9,5등급,193,다목적형
S350 L,벤츠,휘발유,2996,자동9,8.9,5등급,197,일반형
"팰리세이드 3.8GDI AWD 7인 (20"" 타이어)",현대,휘발유,3778,자동8,8.9,5등급,192,다목적형
"팰리세이드 3.8GDI AWD 8인 (20"" 타이어)",현대,휘발유,3778,자동8,8.9,5등급,192,다목적형
G90 3.8GDI 2WD 5인 (18“ 타이어),현대,휘발유,3778,자동8,8.9,5등급,192,일반형
"G80 3.3GDI 2WD 19MY (19""타이어)",현대,휘발유,3342,자동8,8.9,5등급,190,일반형
718 카이맨 GTS,포르쉐,휘발유,2497,자동7,8.9,5등급,193,일반형
718 박스터 GTS,포르쉐,휘발유,2497,자동7,8.9,5등급,193,일반형
BMW M4 Convertible Competition Package,BMW,휘발유,2979,자동7,8.9,5등급,196,일반형
Mercedes-AMG E43 4Matic,벤츠,휘발유,2996,자동9,8.9,5등급,197,일반형
캐딜락 XT5,GM,휘발유,3649,자동8,8.9,5등급,198,다목적형
렉서스 RX350,토요타,휘발유,3456,자동8,8.9,5등급,193,다목적형
렉서스 RC350,토요타,휘발유,3456,자동8,8.9,5등급,200,일반형
스팅어(CK PE) 3.3T-GDI 2WD_19인치(썸머),기아,휘발유,3342,자동8,8.8,5등급,192,일반형
"Lincoln Nautilus 2.7 AWD (21"" wheel)",포드,휘발유,2694,자동8,8.8,5등급,192,다목적형
GV80 2.5T-GDI AWD 5인 19인치타이어 (빌트인캠),현대,휘발유,2497,자동8,8.8,5등급,194,다목적형
GV80 2.5T-GDI AWD 7인 19인치타이어 (빌트인캠),현대,휘발유,2497,자동8,8.8,5등급,194,다목적형
Mercedes-AMG GT 43 4MATIC +,벤츠,휘발유,2999,자동9,8.8,5등급,199,일반형
벤츠 GLE 450 4MATIC,벤츠,휘발유,2999,자동9,8.8,5등급,198,다목적형
G70 3.3T-GDI AWD (19인치 PS4S타이어),현대,휘발유,3342,자동8,8.8,5등급,196,일반형
A8L 55 TFSI quattro,아우디,휘발유,2995,자동8,8.8,5등급,197,일반형
G90 3.3T-GDI 2WD 5인 (18“ 타이어),현대,휘발유,3342,자동8,8.8,5등급,196,일반형
"G80 3.3GDI 2WD 스포츠패키지 19MY (19""타이어)",현대,휘발유,3342,자동8,8.8,5등급,192,일반형
스팅어 3.3T-GDI 2WD_19인치타이어_19MY,기아,휘발유,3342,자동8,8.8,5등급,192,일반형
K9(RJ) 3.8GDI 2WD 19인치 타이어,기아,휘발유,3778,자동8,8.8,5등급,196,일반형
렉서스 LS500 2WD,토요타,휘발유,3445,자동10,8.8,5등급,198,일반형
Mercedces-AMG C43 Cabriolet,벤츠,휘발유,2996,자동9,8.8,5등급,199,일반형
911 카레라 4 GTS 카브리올레,포르쉐,휘발유,2981,자동7,8.8,5등급,195,일반형
911 카레라 4 GTS,포르쉐,휘발유,2981,자동7,8.8,5등급,195,일반형
911 타르가 4 GTS,포르쉐,휘발유,2981,자동7,8.8,5등급,195,일반형
카니발 3.5GDI 하이리무진 9인승 19인치,기아,휘발유,3470,자동8,8.7,5등급,196,기타형
A8 L 55 TFSI quattro,아우디,휘발유,2995,자동8,8.7,5등급,201,일반형
BMW X4 M40i,BMW,휘발유,2998,자동8,8.7,5등급,195,다목적형
BMW X3 M40i,BMW,휘발유,2998,자동8,8.7,5등급,196,다목적형
Mercedes-Benz GLE 450 4MATIC,벤츠,휘발유,2999,자동9,8.7,5등급,200,다목적형
Mercedes-Benz GLE 450 4MATIC,벤츠,휘발유,2999,자동9,8.7,5등급,200,다목적형
718 카이맨 S,포르쉐,휘발유,2497,자동7,8.7,5등급,198,일반형
718 박스터 S,포르쉐,휘발유,2497,자동7,8.7,5등급,198,일반형
마칸,포르쉐,휘발유,1984,자동7,8.7,5등급,200,다목적형
Mercedes-AMG C 43 4MATIC,벤츠,휘발유,2996,자동9,8.7,5등급,202,일반형
BMW M2 CS,BMW,휘발유,2979,자동7,8.7,5등급,195,일반형
Mercedes-AMG C 43 4MATIC Coupe,벤츠,휘발유,2996,자동9,8.7,5등급,201,일반형
G70 3.3T-GDI AWD (19인치 올시즌타이어),현대,휘발유,3342,자동8,8.7,5등급,199,일반형
Lincoln Nautilus 2.7 AWD,포드,휘발유,2694,자동8,8.7,5등급,195,다목적형
INFINITI QX60 AWD,닛산,휘발유,3498,무단변속,8.7,5등급,200,다목적형
캐딜락 CT6 3.6,GM,휘발유,3649,자동10,8.7,5등급,201,일반형
짚 랭글러 루비콘,크라이슬러,휘발유,1995,자동8,8.7,5등급,201,다목적형
G90 3.8GDI 2WD 5인 (19“ 타이어),현대,휘발유,3778,자동8,8.7,5등급,197,일반형
G90 3.8GDI 2WD 4인 (19“ 타이어),현대,휘발유,3778,자동8,8.7,5등급,197,일반형
K9(RJ) 3.3T-GDI 2WD 19인치 타이어,기아,휘발유,3342,자동8,8.7,5등급,199,일반형
K9(RJ) 3.3GDI 2WD 19인치 타이어,기아,휘발유,3342,자동8,8.7,5등급,197,일반형
캐딜락 XT5,GM,휘발유,3649,자동8,8.7,5등급,203,다목적형
BMW M4 Convertible,BMW,휘발유,2979,자동7,8.7,5등급,199,일반형
쏘렌토(PE) 2.0T-GDI 4WD 5인 (15),기아,휘발유,1998,자동8,8.7,5등급,194,다목적형
쏘렌토(PE) 2.0T-GDI 4WD 7인 (15),기아,휘발유,1998,자동8,8.7,5등급,194,다목적형
"G80 3.8GDI 2WD (19""타이어) (15)",현대,휘발유,3778,자동8,8.7,5등급,196,일반형
재규어 F-Type P380 Convertible,재규어,휘발유,2995,자동8,8.6,5등급,198,일반형
재규어 F-Type P380 Coupe,재규어,휘발유,2995,자동8,8.6,5등급,198,일반형
GV70 3.5T-GDI AWD 19인치,현대,휘발유,3470,자동8,8.6,5등급,200,다목적형
재규어 F-Type P380 Coupe,재규어,휘발유,2995,자동8,8.6,5등급,198,일반형
레인지로버 이보크 P200,랜드로버,휘발유,1997,자동9,8.6,5등급,194,다목적형
GV80 2.5T-GDI AWD 5인 20인치타이어,현대,휘발유,2497,자동8,8.6,5등급,199,다목적형
GV80 3.5T-GDI 2WD 5인 20인치타이어,현대,휘발유,3470,자동8,8.6,5등급,199,다목적형
GV80 2.5T-GDI AWD 5인 22인치타이어,현대,휘발유,2497,자동8,8.6,5등급,199,다목적형
G70 3.3T-GDI AWD_19인치 타이어_20MY,현대,휘발유,3342,자동8,8.6,5등급,197,일반형
Q7 45 TFSI quattro,아우디,휘발유,1984,자동8,8.6,5등급,201,다목적형
Q7 45 TFSI quattro,아우디,휘발유,1984,자동8,8.6,5등급,201,다목적형
S450 4Matic Coupe,벤츠,휘발유,2996,자동9,8.6,5등급,205,일반형
G70 3.3T-GDI AWD (19인치 타이어) (15),현대,휘발유,3342,자동8,8.6,5등급,197,일반형
재규어 F-TYPE (3.0SC CONV S),재규어,휘발유,2995,자동8,8.6,5등급,198,일반형
재규어 F-TYPE (3.0SC COUPE S),재규어,휘발유,2995,자동8,8.6,5등급,198,일반형
토요타 SIENNA(2WD),토요타,휘발유,3456,자동8,8.6,5등급,199,기타형
GV70 3.5T-GDI AWD 19인치(빌트인캠),현대,휘발유,3470,자동8,8.5,5등급,202,다목적형
G70(IK PE) 3.3T-GDI AWD 19인치(썸머)_SP,현대,휘발유,3342,자동8,8.5,5등급,203,일반형
G70(IK PE) 3.3T-GDI AWD 19인치(썸머),현대,휘발유,3342,자동8,8.5,5등급,203,일반형
스팅어(CK PE) 3.3T-GDI AWD_19인치(올시즌),기아,휘발유,3342,자동8,8.5,5등급,203,일반형
911 카레라 카브리올레,포르쉐,휘발유,2981,자동8,8.5,5등급,204,일반형
911 카레라,포르쉐,휘발유,2981,자동8,8.5,5등급,204,일반형
Mercedes-Benz S 450 4MATIC(4인승),벤츠,휘발유,2996,자동9,8.5,5등급,208,일반형
Mercedes-Benz S 450 4MATIC,벤츠,휘발유,2996,자동9,8.5,5등급,208,일반형
GV80 2.5T-GDI AWD 7인 20인치타이어,현대,휘발유,2497,자동8,8.5,5등급,202,다목적형
GV80 2.5T-GDI AWD 7인 22인치타이어,현대,휘발유,2497,자동8,8.5,5등급,202,다목적형
G70 3.3T-GDI AWD_20MY(19인치 PS4S타이어),현대,휘발유,3342,자동8,8.5,5등급,198,일반형
Mercedes-AMG GT 43 4MATIC+,벤츠,휘발유,2999,자동9,8.5,5등급,205,일반형
"카니발(PE 20MY) 3.3GDI 11인승 (18"" 타이어)",기아,휘발유,3342,자동8,8.5,5등급,202,일반형
Mercedes-AMG GLC43 4Matic,벤츠,휘발유,2996,자동9,8.5,5등급,207,다목적형
스팅어 3.3T-GDI AWD_19인치타이어(올시즌),기아,휘발유,3342,자동8,8.5,5등급,203,일반형
파나메라 4,포르쉐,휘발유,2995,자동8,8.5,5등급,202,일반형
파나메라 4 (5인승),포르쉐,휘발유,2995,자동8,8.5,5등급,202,일반형
파나메라 4 이그제큐티브,포르쉐,휘발유,2995,자동8,8.5,5등급,202,일반형
K9(RJ) 3.3GDI AWD 18인치 타이어,기아,휘발유,3342,자동8,8.5,5등급,203,일반형
"G80 3.3T-GDI 2WD (19""타이어)",현대,휘발유,3342,자동8,8.5,5등급,200,일반형
카니발 3.5GDI 하이리무진 7인승 19인치,기아,휘발유,3470,자동8,8.4,5등급,205,기타형
카니발 3.5GDI 하이리무진 4인승 (19인치/20인치),기아,휘발유,3470,자동8,8.4,5등급,205,기타형
스팅어(CK PE) 3.3T-GDI AWD_19인치(썸머),기아,휘발유,3342,자동8,8.4,5등급,202,일반형
GV80 3.5T-GDI 2WD 7인 20인치타이어,현대,휘발유,3470,자동8,8.4,5등급,205,다목적형
GV80 3.5T-GDI 2WD 5인 20인치타이어 (빌트인캠),현대,휘발유,3470,자동8,8.4,5등급,205,다목적형
GV80 3.5T-GDI 2WD 5인 22인치타이어,현대,휘발유,3470,자동8,8.4,5등급,205,다목적형
G80 3.5T-GDI AWD 20인치타이어,현대,휘발유,3470,자동8,8.4,5등급,207,일반형
G80 3.5T-GDI AWD 19인치 (빌트인캠),현대,휘발유,3470,자동8,8.4,5등급,205,일반형
G80 3.5T-GDI AWD 19인치타이어,현대,휘발유,3470,자동8,8.4,5등급,203,일반형
Mercedes-AMG GLC43 4Matic Coupe,벤츠,휘발유,2996,자동9,8.4,5등급,208,다목적형
G90 3.3T-GDI 2WD 5인 (19“ 타이어),현대,휘발유,3342,자동8,8.4,5등급,205,일반형
G90 3.3T-GDI 2WD 4인 (19“ 타이어),현대,휘발유,3342,자동8,8.4,5등급,205,일반형
PILOT,혼다,휘발유,3471,자동9,8.4,5등급,201,다목적형
PILOT,혼다,휘발유,3471,자동9,8.4,5등급,201,다목적형
"G80 3.3GDI AWD 19MY (18""타이어)",현대,휘발유,3342,자동8,8.4,5등급,202,일반형
스팅어 3.3T-GDI AWD_19인치타이어_19MY,기아,휘발유,3342,자동8,8.4,5등급,202,일반형
K9(RJ) 3.3GDI AWD 19인치 타이어,기아,휘발유,3342,자동8,8.4,5등급,206,일반형
K9(RJ) 3.8GDI AWD 18인치 타이어,기아,휘발유,3778,자동8,8.4,5등급,204,일반형
S560 4Matic L,벤츠,휘발유,3982,자동9,8.4,5등급,212,일반형
S560 4Matic L,벤츠,휘발유,3982,자동9,8.4,5등급,212,일반형
BMW 750Li xDrive,BMW,휘발유,4395,자동8,8.4,5등급,209,일반형
BMW 750Li xDrive,BMW,휘발유,4395,자동8,8.4,5등급,209,일반형
Explorer 3.0,포드,휘발유,2956,자동10,8.3,5등급,205,다목적형
Mercedes-AMG C63 S Coupe,벤츠,휘발유,3982,자동9,8.3,5등급,220,일반형
GV70 3.5T-GDI AWD 21인치,현대,휘발유,3470,자동8,8.3,5등급,207,다목적형
GV70 3.5T-GDI AWD 21인치 (스포츠패키지),현대,휘발유,3470,자동8,8.3,5등급,207,다목적형
CHEVROLET COLORADO RWD,GM,휘발유,3649,자동8,8.3,5등급,210,일반형
911 카레라 S 카브리올레,포르쉐,휘발유,2981,자동8,8.3,5등급,210,일반형
911 카레라 S,포르쉐,휘발유,2981,자동8,8.3,5등급,210,일반형
Mercedes-AMG GLC 43 4MATIC,벤츠,휘발유,2996,자동9,8.3,5등급,212,다목적형
Mercedes-Benz S 450 4MATIC Coupe,벤츠,휘발유,2996,자동9,8.3,5등급,213,일반형
CHEVROLET COLORADO RWD,GM,휘발유,3649,자동8,8.3,5등급,210,일반형
캐딜락 XT6,GM,휘발유,3649,자동9,8.3,5등급,210,다목적형
짚 체로키 3.2,크라이슬러,휘발유,3239,자동9,8.3,5등급,212,다목적형
캐딜락 XT6,GM,휘발유,3649,자동9,8.3,5등급,210,다목적형
CHEVROLET TRAVERSE AWD,GM,휘발유,3564,자동9,8.3,5등급,211,다목적형
CHEVROLET COLORADO RWD,GM,휘발유,3649,자동8,8.3,5등급,210,일반형
"G80 3.3GDI AWD 19MY (19""타이어)",현대,휘발유,3342,자동8,8.3,5등급,205,일반형
K9(RJ) 3.8GDI AWD 19인치 타이어,기아,휘발유,3778,자동8,8.3,5등급,207,일반형
BMW 750Li xDrive,BMW,휘발유,4395,자동8,8.3,5등급,216,일반형
BMW 750Li xDrive,BMW,휘발유,4395,자동8,8.3,5등급,216,일반형
GV70 3.5T-GDI AWD 21인치[썸머](스포츠패키지),현대,휘발유,3470,자동8,8.2,5등급,210,다목적형
911 타르가 4,포르쉐,휘발유,2981,자동8,8.2,5등급,213,일반형
911 카레라 4 카브리올레,포르쉐,휘발유,2981,자동8,8.2,5등급,213,일반형
911 카레라 4,포르쉐,휘발유,2981,자동8,8.2,5등급,213,일반형
GV80 3.5T-GDI 2WD 7인 22인치타이어,현대,휘발유,3470,자동8,8.2,5등급,210,다목적형
디스커버리 스포츠 P250,랜드로버,휘발유,1997,자동9,8.2,5등급,203,다목적형
911 카레라,포르쉐,휘발유,2981,자동8,8.2,5등급,213,일반형
911 카레라 카브리올레,포르쉐,휘발유,2981,자동8,8.2,5등급,213,일반형
카니발(PE 20MY) 3.3GDI 9인승 (19'' 타이어),기아,휘발유,3342,자동8,8.2,5등급,210,기타형
카니발(PE 20MY) 3.3GDI 7인승 (19'' 타이어),기아,휘발유,3342,자동8,8.2,5등급,210,기타형
"카니발(PE 20MY) 3.3GDI 9인승 (18""/19'' 타이어)",기아,휘발유,3342,자동8,8.2,5등급,210,기타형
벤츠 S450 4Matic Coupe,벤츠,휘발유,2996,자동9,8.2,5등급,215,일반형
BMW X7 xDrive40i,BMW,휘발유,2998,자동8,8.2,5등급,211,다목적형
911 카레라 4S,포르쉐,휘발유,2981,자동8,8.2,5등급,212,일반형
911 카레라 S 카브리올레,포르쉐,휘발유,2981,자동8,8.2,5등급,210,일반형
911 카레라 4S 카브리올레,포르쉐,휘발유,2981,자동8,8.2,5등급,212,일반형
911 카레라 S,포르쉐,휘발유,2981,자동8,8.2,5등급,210,일반형
BMW X7 xDrive40i,BMW,휘발유,2998,자동8,8.2,5등급,211,다목적형
G90 3.8GDI AWD 5인 (18“ 타이어),현대,휘발유,3778,자동8,8.2,5등급,210,일반형
"G80 3.3GDI AWD 스포츠패키지 19MY (19""타이어)",현대,휘발유,3342,자동8,8.2,5등급,207,일반형
짚 랭글러 루비콘,크라이슬러,휘발유,1995,자동8,8.2,5등급,210,다목적형
카니발 3.3GDI 7인승 (19'' 타이어),기아,휘발유,3342,자동8,8.2,5등급,210,기타형
카니발 3.3GDI 9인승 (19'' 타이어),기아,휘발유,3342,자동8,8.2,5등급,210,기타형
"G80 3.8GDI AWD (19""타이어) (15)",현대,휘발유,3778,자동8,8.2,5등급,210,일반형
토요타 SIENNA(4WD),토요타,휘발유,3456,자동8,8.2,5등급,208,기타형
캐딜락 CT6,GM,휘발유,3649,자동8,8.2,5등급,215,일반형
BMW X5 xDrive40i,BMW,휘발유,2998,자동8,8.1,5등급,210,다목적형
CHEVROLET COLORADO AWD,GM,휘발유,3649,자동8,8.1,5등급,216,일반형
911 타르가 4S,포르쉐,휘발유,2981,자동8,8.1,5등급,216,일반형
911 카레라 4S,포르쉐,휘발유,2981,자동8,8.1,5등급,216,일반형
911 카레라 4S 카브리올레,포르쉐,휘발유,2981,자동8,8.1,5등급,216,일반형
Mercedes-AMG GLC 43 4MATIC Coupe,벤츠,휘발유,2996,자동9,8.1,5등급,217,다목적형
CHEVROLET COLORADO AWD,GM,휘발유,3649,자동8,8.1,5등급,216,일반형
Lincoln Aviator 3.0,포드,휘발유,2956,자동10,8.1,5등급,212,다목적형
짚 체로키 3.2,크라이슬러,휘발유,3239,자동9,8.1,5등급,215,다목적형
Lincoln Aviator 3.0,포드,휘발유,2956,자동10,8.1,5등급,212,다목적형
CHEVROLET COLORADO AWD,GM,휘발유,3649,자동8,8.1,5등급,216,일반형
G90 3.8GDI AWD 5인 (19“ 타이어),현대,휘발유,3778,자동8,8.1,5등급,212,일반형
G90 3.3T-GDI AWD 5인 (18“ 타이어),현대,휘발유,3342,자동8,8.1,5등급,214,일반형
G90 3.8GDI AWD 4인 (19“ 타이어),현대,휘발유,3778,자동8,8.1,5등급,212,일반형
K9(RJ) 3.3T-GDI AWD 19인치 타이어,기아,휘발유,3342,자동8,8.1,5등급,213,일반형
BMW M5,BMW,휘발유,4395,자동8,8.1,5등급,218,일반형
Mercedes-Maybach S560 4Matic,벤츠,휘발유,3982,자동9,8.1,5등급,219,일반형
Mercedes-Maybach S560 4Matic,벤츠,휘발유,3982,자동9,8.1,5등급,219,일반형
Mercedes-AMG GLC43 4Matic Coupe,벤츠,휘발유,2996,자동9,8.1,5등급,219,다목적형
Mercedes-AMG GLC43 4Matic,벤츠,휘발유,2996,자동9,8.1,5등급,217,다목적형
재규어 XJ 3.0SC,재규어,휘발유,2995,자동8,8.1,5등급,210,일반형
캐딜락 ATS-V,GM,휘발유,3564,자동8,8.1,5등급,221,일반형
재규어 F-Type SVR Convertible,재규어,휘발유,5000,자동8,8,5등급,217,일반형
재규어 F-Type SVR Coupe,재규어,휘발유,5000,자동8,8,5등급,217,일반형
Mercedes-AMG C 63 S Coupe,벤츠,휘발유,3982,자동9,8,5등급,220,일반형
GV80 3.5T-GDI AWD 5인 20인치타이어,현대,휘발유,3470,자동8,8,5등급,215,다목적형
BMW X5 xDrive40i,BMW,휘발유,2998,자동8,8,5등급,216,다목적형
캐딜락 XT5,GM,휘발유,3649,자동9,8,5등급,218,다목적형
재규어 F-TYPE SVR,재규어,휘발유,5000,자동8,8,5등급,217,일반형
재규어 F-TYPE SVR,재규어,휘발유,5000,자동8,8,5등급,217,일반형
G90 3.3T-GDI AWD 5인 (19“ 타이어),현대,휘발유,3342,자동8,8,5등급,217,일반형
G90 3.3T-GDI AWD 4인 (19“ 타이어),현대,휘발유,3342,자동8,8,5등급,217,일반형
렉서스 LS500 AWD,토요타,휘발유,3445,자동10,8,5등급,219,일반형
Mercedces-AMG GT,벤츠,휘발유,3982,자동7,8,5등급,222,일반형
"G80 3.3T-GDI AWD (19""타이어)",현대,휘발유,3342,자동8,8,5등급,213,일반형
BMW M550i xDrive,BMW,휘발유,4395,자동8,7.9,5등급,219,일반형
디스커버리 스포츠 P200,랜드로버,휘발유,1997,자동9,7.9,5등급,212,다목적형
Q7 55 TFSI quattro,아우디,휘발유,2995,자동8,7.9,5등급,219,다목적형
911 카레라 4,포르쉐,휘발유,2981,자동8,7.9,5등급,220,일반형
911 카레라 4 카브리올레,포르쉐,휘발유,2981,자동8,7.9,5등급,220,일반형
카니발(PE 20MY) 3.3GDI 하이리무진 7인,기아,휘발유,3342,자동8,7.9,5등급,218,기타형
짚 그랜드 체로키,크라이슬러,휘발유,3604,자동8,7.9,5등급,223,다목적형
짚 그랜드 체로키,크라이슬러,휘발유,3604,자동8,7.9,5등급,223,다목적형
카니발 3.3GDI 하이리무진 7인,기아,휘발유,3342,자동8,7.9,5등급,218,기타형
마세라티 기블리,마세라티,휘발유,2979,자동8,7.9,5등급,212,일반형
911 터보 S,포르쉐,휘발유,3800,자동7,7.9,5등급,219,일반형
911 터보 카브리올레,포르쉐,휘발유,3800,자동7,7.9,5등급,219,일반형
911 터보,포르쉐,휘발유,3800,자동7,7.9,5등급,219,일반형
911 터보 S 카브리올레,포르쉐,휘발유,3800,자동7,7.9,5등급,219,일반형
렉서스 RC F,토요타,휘발유,4969,자동8,7.9,5등급,222,일반형
카이엔,포르쉐,휘발유,2995,자동8,7.8,5등급,223,다목적형
카이엔 COUPE,포르쉐,휘발유,2995,자동8,7.8,5등급,223,다목적형
카이엔 COUPE (5인승),포르쉐,휘발유,2995,자동8,7.8,5등급,223,다목적형
GV80 3.5T-GDI AWD 5인 20인치타이어 (빌트인캠),현대,휘발유,3470,자동8,7.8,5등급,221,다목적형
GV80 3.5T-GDI AWD 5인 22인치타이어,현대,휘발유,3470,자동8,7.8,5등급,221,다목적형
GV80 3.5T-GDI AWD 7인 20인치타이어,현대,휘발유,3470,자동8,7.8,5등급,221,다목적형
GV80 3.5T-GDI AWD 7인 22인치타이어,현대,휘발유,3470,자동8,7.8,5등급,221,다목적형
레인지로버 벨라 P380,랜드로버,휘발유,2995,자동8,7.8,5등급,218,다목적형
카마로,GM,휘발유,6162,자동8,7.8,5등급,227,일반형
A8 L 60 TFSI quattro,아우디,휘발유,3996,자동8,7.7,5등급,226,일반형
A8 L 60 TFSI quattro,아우디,휘발유,3996,자동8,7.7,5등급,226,일반형
마칸 GTS,포르쉐,휘발유,2894,자동7,7.7,5등급,225,다목적형
Mercedes-AMG GT 63 S 4MATIC,벤츠,휘발유,3982,자동9,7.7,5등급,231,일반형
BMW 750Li xDrive,BMW,휘발유,4395,자동8,7.7,5등급,226,일반형
재규어 F-PACE 5.0SC SVR,재규어,휘발유,4999,자동8,7.7,5등급,224,다목적형
렉서스 LC500,토요타,휘발유,4969,자동10,7.7,5등급,226,일반형
BMW 750Li xDrive,BMW,휘발유,4395,자동8,7.7,5등급,226,일반형
BMW M5 Competition Package,BMW,휘발유,4395,자동8,7.7,5등급,227,일반형
Mercedces-AMG GT S,벤츠,휘발유,3982,자동7,7.7,5등급,229,일반형
BMW M5,BMW,휘발유,4395,자동8,7.6,5등급,225,일반형
BMW M5 Competition Package,BMW,휘발유,4395,자동8,7.6,5등급,225,일반형
Q8 55 TFSI quattro,아우디,휘발유,2995,자동8,7.6,5등급,229,다목적형
Q8 55 TFSI quattro,아우디,휘발유,2995,자동8,7.6,5등급,229,다목적형
Mercedes-AMG E 63 4MATIC +,벤츠,휘발유,3982,자동9,7.6,5등급,233,일반형
BMW X6 xDrive40i,BMW,휘발유,2998,자동8,7.6,5등급,227,다목적형
BMW M8,BMW,휘발유,4395,자동8,7.6,5등급,230,일반형
카니발(PE 20MY) 3.3GDI 하이리무진 9인,기아,휘발유,3342,자동8,7.6,5등급,228,기타형
카니발(PE 20MY) 3.3GDI 하이리무진 9인,기아,휘발유,3342,자동8,7.6,5등급,228,기타형
BMW M8 Coupe Competition,BMW,휘발유,4395,자동8,7.6,5등급,230,일반형
Mercedes-AMG E63 4Matic +,벤츠,휘발유,3982,자동9,7.6,5등급,233,일반형
카니발 3.3GDI 하이리무진 9인,기아,휘발유,3342,자동8,7.6,5등급,228,기타형
Mercedes-AMG SL63,벤츠,휘발유,5461,자동7,7.6,5등급,235,일반형
레인지로버 스포츠 P360,랜드로버,휘발유,2996,자동8,7.5,5등급,223,다목적형
파나메라 터보 이그제큐티브,포르쉐,휘발유,3996,자동8,7.5,5등급,234,일반형
파나메라 터보,포르쉐,휘발유,3996,자동8,7.5,5등급,234,일반형
파나메라 터보 (5인승),포르쉐,휘발유,3996,자동8,7.5,5등급,234,일반형
Mercedes-Benz S 560 4MATIC,벤츠,휘발유,3982,자동9,7.5,5등급,237,일반형
Mercedes-Benz S 560 4MATIC,벤츠,휘발유,3982,자동9,7.5,5등급,237,일반형
Mustang GT 5.0 Convertible,포드,휘발유,5035,자동10,7.5,5등급,227,일반형
Mustang GT 5.0 Coupe,포드,휘발유,5035,자동10,7.5,5등급,227,일반형
K9(RJ) 5.0GDI AWD 19인치 타이어,기아,휘발유,5038,자동8,7.5,5등급,231,일반형
페라리 Roma,페라리,휘발유,3855,자동8,7.4,5등급,237,일반형
Mercedes-AMG S 63 4MATIC Coupe,벤츠,휘발유,3982,자동9,7.4,5등급,241,일반형
Continental GT V8,벤틀리,휘발유,3996,자동8,7.4,5등급,238,일반형
CHEVROLET CAMARO,GM,휘발유,6162,자동10,7.4,5등급,240,일반형
마세라티 콰트로포르테 S Q4,마세라티,휘발유,2979,자동8,7.4,5등급,228,일반형
마세라티 콰트로포르테 350,마세라티,휘발유,2979,자동8,7.4,5등급,227,일반형
마세라티 기블리 S Q4,마세라티,휘발유,2979,자동8,7.4,5등급,227,일반형
Mercedes-AMG S63 4MATIC Coupe,벤츠,휘발유,3982,자동9,7.3,5등급,242,일반형
Mercedes-Benz GLS 580 4MATIC,벤츠,휘발유,3982,자동9,7.3,5등급,243,다목적형
BMW M8 Gran Coupe,BMW,휘발유,4395,자동8,7.3,5등급,237,일반형
레인지로버 벨라 SVAutobiography Dynamic,랜드로버,휘발유,4999,자동8,7.3,5등급,230,다목적형
Mercedes-AMG S 63 4MATIC + L,벤츠,휘발유,3982,자동9,7.3,5등급,242,일반형
Mercedes-AMG S 63 4MATIC + L,벤츠,휘발유,3982,자동9,7.3,5등급,242,일반형
BMW M8 Gran Coupe Competition,BMW,휘발유,4395,자동8,7.3,5등급,237,일반형
G90 5.0GDI AWD 5인 (19“ 타이어),현대,휘발유,5038,자동8,7.3,5등급,239,일반형
G90 5.0GDI AWD 4인 (19“ 타이어),현대,휘발유,5038,자동8,7.3,5등급,239,일반형
S8L TFSI,아우디,휘발유,3996,자동8,7.2,5등급,246,일반형
Mercedes-Maybach S 560 4MATIC,벤츠,휘발유,3982,자동9,7.2,5등급,246,일반형
Mercedes-Maybach S 560 4MATIC,벤츠,휘발유,3982,자동9,7.2,5등급,246,일반형
Mercedes-AMG GT63 S 4Matic +,벤츠,휘발유,3982,자동9,7.2,5등급,245,일반형
Mercedes-AMG GLC63 S 4Matic Coupe,벤츠,휘발유,3982,자동9,7.2,5등급,246,다목적형
Mercedes-AMG S63 4Matic + L,벤츠,휘발유,3982,자동9,7.2,5등급,246,일반형
Mercedes-AMG S63 4Matic + L,벤츠,휘발유,3982,자동9,7.2,5등급,246,일반형
"G90 5.0GDI AWD 리무진 5인 (19""타이어)",현대,휘발유,5038,자동8,7.2,5등급,241,일반형
"G90 5.0GDI AWD 리무진 4인 (19""타이어)",현대,휘발유,5038,자동8,7.2,5등급,241,일반형
BMW X3 M,BMW,휘발유,2993,자동8,7.1,5등급,247,다목적형
BMW X4 M,BMW,휘발유,2993,자동8,7.1,5등급,247,다목적형
Mercedes-AMG GLC63 4Matic,벤츠,휘발유,3982,자동9,7.1,5등급,251,다목적형
BMW X3 M Competition,BMW,휘발유,2993,자동8,7.1,5등급,247,다목적형
파나메라 GTS (5인승),포르쉐,휘발유,3996,자동8,7.1,5등급,244,일반형
파나메라 GTS,포르쉐,휘발유,3996,자동8,7.1,5등급,244,일반형
BMW X4 M Competition,BMW,휘발유,2993,자동8,7.1,5등급,247,다목적형
Mercedes-AMG S63 4Matic Coupe,벤츠,휘발유,3982,자동9,7.1,5등급,251,일반형
Mercedes-AMG GT R,벤츠,휘발유,3982,자동7,7.1,5등급,251,일반형
마칸 GTS,포르쉐,휘발유,2997,자동7,7.1,5등급,248,다목적형
Mercedes-AMG GT,벤츠,휘발유,3982,자동7,7,5등급,248,일반형
Mercedes-AMG GT-C Roadster,벤츠,휘발유,3982,자동7,7,5등급,248,일반형
BMW X6 M50i,BMW,휘발유,4395,자동8,7,5등급,247,다목적형
Mercedes-AMG GLC 63 S 4MATIC + Coupe,벤츠,휘발유,3982,자동9,7,5등급,256,다목적형
Bentayga V8,벤틀리,휘발유,3996,자동8,6.9,5등급,250,다목적형
Bentayga V8,벤틀리,휘발유,3996,자동8,6.9,5등급,250,다목적형
캐딜락 ESCALADE,GM,휘발유,6162,자동8,6.9,5등급,259,다목적형
캐딜락 ESCALADE,GM,휘발유,6162,자동8,6.9,5등급,259,다목적형
911 터보 S 카브리올레,포르쉐,휘발유,3745,자동8,6.8,5등급,257,일반형
911 터보 S,포르쉐,휘발유,3745,자동8,6.8,5등급,257,일반형
BMW X6 M,BMW,휘발유,4395,자동8,6.8,5등급,256,다목적형
BMW X6 M Competition,BMW,휘발유,4395,자동8,6.8,5등급,256,다목적형
캐딜락 Escalade,GM,휘발유,6162,자동10,6.8,5등급,260,다목적형
캐딜락 Escalade,GM,휘발유,6162,자동10,6.8,5등급,260,다목적형
캐딜락 Escalade,GM,휘발유,6162,자동10,6.8,5등급,260,다목적형
BMW X5 M,BMW,휘발유,4395,자동8,6.7,5등급,258,다목적형
X5 M Competition,BMW,휘발유,4395,자동8,6.7,5등급,258,다목적형
Mercedes-AMG S63 4Matic Cabriolet,벤츠,휘발유,3982,자동9,6.7,5등급,267,일반형
BMW X6 M,BMW,휘발유,4395,자동8,6.7,5등급,262,다목적형
BMW X5 M,BMW,휘발유,4395,자동8,6.7,5등급,262,다목적형
캐딜락 CTS-V,GM,휘발유,6162,자동8,6.7,5등급,266,일반형
BMW X5 M50i,BMW,휘발유,4395,자동8,6.6,5등급,260,다목적형
카이엔 터보 COUPE (5인승),포르쉐,휘발유,3996,자동8,6.6,5등급,265,다목적형
카이엔 터보 COUPE,포르쉐,휘발유,3996,자동8,6.6,5등급,265,다목적형
카이엔 터보,포르쉐,휘발유,3996,자동8,6.6,5등급,265,다목적형
페라리 F8 Tributo,페라리,휘발유,3902,자동7,6.6,5등급,268,일반형
BMW M760Li xDrive,BMW,휘발유,6592,자동8,6.6,5등급,274,일반형
마세라티 콰트로포르테 GTS,마세라티,휘발유,3799,자동8,6.6,5등급,255,일반형
짚 글래디에이터,크라이슬러,휘발유,3604,자동8,6.5,5등급,269,화물
짚 글래디에이터,크라이슬러,휘발유,3604,자동8,6.5,5등급,269,화물
BMW X7 M50i,BMW,휘발유,4395,자동8,6.5,5등급,265,다목적형
BMW X7 M50i,BMW,휘발유,4395,자동8,6.5,5등급,265,다목적형
레인지로버 5.0SC SVAutobiography,랜드로버,휘발유,4999,자동8,6.5,5등급,263,다목적형
Mercedes-AMG GLE63 S 4Matic Coupe,벤츠,휘발유,5461,자동9,6.5,5등급,275,다목적형
레인지로버 5.0SC SV Autobiography,랜드로버,휘발유,4999,자동8,6.5,5등급,263,다목적형
레인지로버 5.0SC SVA Dynamic,랜드로버,휘발유,4999,자동8,6.5,5등급,263,다목적형
페라리 F8 Spider,페라리,휘발유,3902,자동7,6.4,5등급,277,일반형
BMW M760Li xDrive,BMW,휘발유,6592,자동8,6.4,5등급,277,일반형
마세라티 르반떼 S,마세라티,휘발유,2979,자동8,6.4,5등급,264,다목적형
마세라티 르반떼,마세라티,휘발유,2979,자동8,6.4,5등급,263,다목적형
Mercedes-AMG S65 Coupe,벤츠,휘발유,5980,자동7,6.4,5등급,278,일반형
Urus,람보르기니,휘발유,3996,자동8,6.3,5등급,281,다목적형
Mercedes-Maybach S650,벤츠,휘발유,5980,자동7,6.3,5등급,286,일반형
Urus,람보르기니,휘발유,3996,자동8,6.3,5등급,281,다목적형
R8 V10 performance,아우디,휘발유,5204,자동7,6.2,5등급,288,일반형
Huracan EVO Spyder,람보르기니,휘발유,5204,자동7,6.2,5등급,286,일반형
Huracan EVO RWD,람보르기니,휘발유,5204,자동7,6.1,5등급,292,일반형
Mercedes-Maybach S 650,벤츠,휘발유,5980,자동7,6.1,5등급,295,일반형
Mercedes-Maybach S 650,벤츠,휘발유,5980,자동7,6.1,5등급,295,일반형
Mercedes-AMG G63,벤츠,휘발유,3982,자동9,6.1,5등급,292,다목적형
레인지로버 스포츠 5.0SC SVR,랜드로버,휘발유,5000,자동8,6.1,5등급,285,다목적형
R8 V10 performance,아우디,휘발유,5204,자동7,6,5등급,296,일반형
Huracan EVO,람보르기니,휘발유,5204,자동7,6,5등급,297,일반형
Rolls-Royce Wraith Coupe Black Badge,롤스로이스,휘발유,6592,자동8,6,5등급,298,일반형
Rolls-Royce Wraith Coupe,롤스로이스,휘발유,6592,자동8,6,5등급,301,일반형
Mercedes-AMG G 63,벤츠,휘발유,3982,자동9,5.9,5등급,301,다목적형
Rolls Royce Dawn,롤스로이스,휘발유,6592,자동8,5.9,5등급,303,일반형
Rolls Royce Ghost EWB,롤스로이스,휘발유,6749,자동8,5.8,5등급,300,일반형
Rolls Royce Ghost EWB,롤스로이스,휘발유,6749,자동8,5.8,5등급,300,일반형
Huracan EVO Spyder RWD,람보르기니,휘발유,5204,자동7,5.8,5등급,304,일반형
Rolls Royce Phantom,롤스로이스,휘발유,6749,자동8,5.8,5등급,310,일반형
Rolls Royce Phantom,롤스로이스,휘발유,6749,자동8,5.8,5등급,310,일반형
Rolls Royce Phantom EWB,롤스로이스,휘발유,6749,자동8,5.8,5등급,310,일반형
Rolls Royce Phantom EWB,롤스로이스,휘발유,6749,자동8,5.8,5등급,310,일반형
Rolls-Royce Ghost SWB,롤스로이스,휘발유,6592,자동8,5.8,5등급,311,일반형
Rolls-Royce Ghost EWB,롤스로이스,휘발유,6592,자동8,5.8,5등급,311,일반형
Rolls Royce Ghost,롤스로이스,휘발유,6749,자동8,5.7,5등급,308,일반형
Rolls Royce Ghost,롤스로이스,휘발유,6749,자동8,5.7,5등급,308,일반형
마세라티 르반떼 트로페오,마세라티,휘발유,3799,자동8,5.7,5등급,298,다목적형
마세라티 르반떼 GTS,마세라티,휘발유,3799,자동8,5.7,5등급,295,다목적형
Rolls-Royce Ghost SWB Black Badge,롤스로이스,휘발유,6592,자동8,5.7,5등급,317,일반형
Rolls-Royce Dawn,롤스로이스,휘발유,6592,자동8,5.7,5등급,313,일반형
Rolls-Royce Cullinan,롤스로이스,휘발유,6749,자동8,5.6,5등급,319,일반형
Rolls-Royce Cullinan,롤스로이스,휘발유,6749,자동8,5.6,5등급,319,일반형
레인지로버 5.0SC SWB,랜드로버,휘발유,4999,자동8,5.6,5등급,309,다목적형
레인지로버 5.0SC LWB,랜드로버,휘발유,4999,자동8,5.6,5등급,309,다목적형
Mercedes-Maybach S650 pullman,벤츠,휘발유,5980,자동7,5.5,5등급,331,일반형
Rolls Royce Dawn Black Badge,롤스로이스,휘발유,6592,자동8,5.5,5등급,325,일반형
페라리 812 Superfast,페라리,휘발유,6496,자동7,5.4,5등급,328,일반형
Rolls-Royce Cullinan Black Badge,롤스로이스,휘발유,6749,자동8,5.4,5등급,330,일반형
Rolls-Royce Cullinan Black Badge,롤스로이스,휘발유,6749,자동8,5.4,5등급,330,일반형
페라리 812 GTS,페라리,휘발유,6496,자동7,5.3,5등급,337,일반형
Aventador SVJ Coupe,람보르기니,휘발유,6498,자동7,4.6,5등급,390,일반형
Aventador SVJ Coupe,람보르기니,휘발유,6498,자동7,4.5,5등급,398,일반형
Aventador SVJ Roadster,람보르기니,휘발유,6498,자동7,4.4,5등급,405,일반형
Aventador S Coupe,람보르기니,휘발유,6498,자동7,4.4,5등급,408,일반형
Aventador S Roadster,람보르기니,휘발유,6498,자동7,4.4,5등급,408,일반형
Aventador S Roadster,람보르기니,휘발유,6498,자동7,4.2,5등급,423,일반형
Aventador SVJ Roadster,람보르기니,휘발유,6498,자동7,4.2,5등급,425,일반형
Aventador S Coupe,람보르기니,휘발유,6498,자동7,4.1,5등급,438,일반형
인피니티 FX35,닛산,휘발유,3498,자동7,0,5등급,0,다목적형
